transaction_id,account_number,customer_name,email,transaction_date,amount,currency,balance,status,remarks
1,94820,Customer 1,user1@test.org,12/30/2024,a972.14,USD,a8732.37,active,Processed
2,94619,Customer 2,user2@mail.com,1/4/2024,3343.02,USD,2317.72, CLOSED,Processed
3,00082079,Customer 3,user3@test.org,11/5/2024,"$4,064.71 ",USD,3564.37,active,Processed
4,40978, Customer 4 ,user4@test.org,11/5/2023,3602.64,USD,4344.8,PENDING ,Processed
5,63061,Customer 5,user5example.com,10/27/2025,1405.72,USD,8075.02, CLOSED,Processed
6,00033750,Customer 6,user6@mail.com,5/31/2023,"$1,962.84 ",EUR,1050.78,PENDING , OK 
7,24949,Customer 7,user7@mail.com,11/30/2024,1206.99,USD,1459.96,active,Processed
8,77629, Customer 8 ,user8@test.org,7/10/2023,4985.91,USD,3383,PENDING ,Processed
9,00096744,Customer 9,user9@mail.com,3/20/2025,"$4,312.15 ",INR,8978.42,PENDING ,Processed
10,54053,Customer 10,user10test.org,7/25/2024,3292.14,INR,6236.54,active,Processed
11,90334,Customer 11,user11@example.com,1/27/2025,2063.42,INR,3655.56,PENDING ,Processed
12,00045253, Customer 12 ,user12@mail.com,4/2/2024,"$3,262.36 ",INR,4570.21,PENDING , OK 
13,67235,Customer 13,user13@mail.com,5/28/2024,2177.62,USD,4059.49, CLOSED,Processed
14,31808,Customer 14,user14@mail.com,7/13/2025,2386.46,INR,1996.41, CLOSED,Processed
15,00035823,Customer 15,user15example.com,7/4/2024,"$1,390.04 ",INR,6763.47,PENDING ,Processed
16,34500, Customer 16 ,user16@test.org,14/06/2025,2403.3,EUR,5864.28, CLOSED,Processed
17,42058,Customer 17,user17@example.com,8/10/2024,318.32,EUR,9608.7,ACTIVE,Processed
18,00044210,Customer 18,user18@mail.com,5/6/2023,"$4,750.56 ",EUR,3457.46,PENDING , OK 
19,68368,Customer 19,user19@mail.com,12/12/2023,2053.88,INR,2512.8,ACTIVE,Processed
20,75176, Customer 20 ,user20mail.com,28/12/2024,3554.4,USD,4606.67,PENDING ,Processed
21,00060814,Customer 21,user21@example.com,4/4/2024,"$1,462.49 ",INR,9370.57,active,Processed
22,58720,Customer 22,user22@example.com,10/8/2024,3560.84,EUR,5888.72,PENDING ,Processed
23,44965,Customer 23,user23@example.com,2/23/2025,4461.25,USD,3962.48,PENDING ,Processed
24,00053788, Customer 24 ,user24@example.com,17/03/2024,"$4,268.24 ",EUR,3188.32,PENDING , OK 
25,70687,Customer 25,user25example.com,2/23/2024,3778.19,INR,2614.11,PENDING ,Processed
26,59480,Customer 26,user26@mail.com,3/28/2024,2241.34,INR,1171.25,active,Processed
27,00076149,Customer 27,user27@test.org,6/16/2023,"$1,219.96 ",USD,4658.23,PENDING ,Processed
28,41998, Customer 28 ,user28@mail.com,16/11/2024,4564.19,USD,5301.1,ACTIVE,Processed
29,55452,Customer 29,user29@example.com,12/16/2024,1632.78,INR,7351.39, CLOSED,Processed
30,00040830,Customer 30,user30example.com,6/8/2023,$916.37 ,INR,1049.12, CLOSED, OK 
31,57081,Customer 31,user31@test.org,2/17/2025,1021.68,USD,9933.35,PENDING ,Processed
32,33374, Customer 32 ,user32@example.com,2/7/2025,4694.53,INR,1180.13,active,Processed
33,00064641,Customer 33,user33@mail.com,1/16/2025,"$2,755.14 ",USD,9666.25, CLOSED,Processed
34,82026,Customer 34,user34@mail.com,10/15/2023,4253.06,INR,9387.44, CLOSED,Processed
35,55655,Customer 35,user35example.com,9/23/2025,1323.23,USD,8506.61,PENDING ,Processed
36,00049166, Customer 36 ,user36@mail.com,14/11/2023,"$3,824.96 ",EUR,6157.76,PENDING , OK 
37,41361,Customer 37,user37@example.com,6/10/2024,311.69,EUR,6018.97,PENDING ,Processed
38,54454,Customer 38,user38@example.com,12/27/2025,3766.86,USD,1374.6, CLOSED,Processed
39,00023322,Customer 39,user39@example.com,9/13/2025,"$3,062.48 ",INR,7725.51,PENDING ,Processed
40,73795, Customer 40 ,user40test.org,26/03/2024,2722.05,EUR,8956.54,ACTIVE,Processed
41,12866,Customer 41,user41@test.org,10/17/2023,1416.76,INR,3868.58,active,Processed
42,00035129,Customer 42,user42@mail.com,12/1/2024,"$4,662.99 ",INR,3630.72,PENDING , OK 
43,87297,Customer 43,user43@test.org,12/31/2024,1563.74,INR,4076.47,active,Processed
44,33089, Customer 44 ,user44@example.com,17/02/2025,3611.2,USD,1385.85, CLOSED,Processed
45,00072884,Customer 45,user45example.com,8/25/2024,"$4,525.19 ",EUR,6469.93,active,Processed
46,81270,Customer 46,user46@example.com,5/10/2025,1000.09,USD,3968.83, CLOSED,Processed
47,33848,Customer 47,user47@example.com,6/9/2024,2915.29,EUR,3850.31,PENDING ,Processed
48,00096278, Customer 48 ,user48@mail.com,8/9/2024,"$1,289.46 ",INR,9267.34,active, OK 
49,19575,Customer 49,user49@test.org,8/2/2024,1827.88,USD,6267.59, CLOSED,Processed
50,37884,Customer 50,user50test.org,1/16/2025,1680.01,INR,3902.28,active,Processed
51,00086730,Customer 51,user51@example.com,12/25/2023,"$1,516.91 ",INR,3130.56,ACTIVE,Processed
52,89227, Customer 52 ,user52@example.com,25/09/2023,2596.55,EUR,2553.25,ACTIVE,Processed
53,51504,Customer 53,user53@mail.com,6/1/2025,1595.15,INR,6363.71,active,Processed
54,00094390,Customer 54,user54@example.com,6/26/2024,"$1,954.01 ",INR,7323.4, CLOSED, OK 
55,19206,Customer 55,user55test.org,8/16/2024,1053.76,USD,9272.89, CLOSED,Processed
56,42249, Customer 56 ,user56@mail.com,30/04/2025,4179.51,INR,2760.71,active,Processed
57,00016126,Customer 57,user57@mail.com,10/30/2023,"$4,741.91 ",INR,7795.68, CLOSED,Processed
58,72774,Customer 58,user58@example.com,6/27/2023,343.54,EUR,6328.18,PENDING ,Processed
59,10682,Customer 59,user59@test.org,1/13/2024,4594.98,EUR,7568.72,ACTIVE,Processed
60,00064481, Customer 60 ,user60mail.com,22/07/2025,"$4,379.34 ",EUR,6109.29,PENDING , OK 
61,62068,Customer 61,user61@test.org,6/26/2024,3341.03,INR,4286.02,PENDING ,Processed
62,84974,Customer 62,user62@mail.com,5/20/2025,4139.91,INR,7291.46,ACTIVE,Processed
63,00011913,Customer 63,user63@test.org,5/5/2025,"$2,678.77 ",INR,8765.49,active,Processed
64,65484, Customer 64 ,user64@mail.com,4/10/2025,475.66,EUR,1830.94,active,Processed
65,56117,Customer 65,user65example.com,2/14/2024,1646,USD,6109.67,active,Processed
66,00015829,Customer 66,user66@example.com,4/3/2024,"$2,726.44 ",EUR,2152.65, CLOSED, OK 
67,60234,Customer 67,user67@example.com,8/22/2023,3239.4,EUR,8026.69,ACTIVE,Processed
68,30380, Customer 68 ,user68@mail.com,24/09/2024,3135.22,EUR,4405.51,active,Processed
69,00099881,Customer 69,user69@test.org,4/1/2024,"$1,986.84 ",EUR,9552.9,active,Processed
70,27382,Customer 70,user70test.org,8/18/2023,4670.35,USD,9220.03,active,Processed
71,81235,Customer 71,user71@test.org,10/5/2025,3400,USD,1019.89,ACTIVE,Processed
72,00086964, Customer 72 ,user72@test.org,11/6/2025,"$1,048.47 ",EUR,5615.09,PENDING , OK 
73,78854,Customer 73,user73@mail.com,10/16/2024,3449.45,USD,2872.97, CLOSED,Processed
74,46511,Customer 74,user74@mail.com,10/15/2024,3439.46,EUR,8606.07,ACTIVE,Processed
75,00077482,Customer 75,user75test.org,2/6/2024,"$4,952.72 ",INR,8873.74, CLOSED,Processed
76,18486, Customer 76 ,user76@test.org,7/9/2023,1751.08,USD,5872.35,active,Processed
77,66403,Customer 77,user77@test.org,3/12/2025,4990.74,EUR,9352.9,PENDING ,Processed
78,00039643,Customer 78,user78@test.org,9/29/2023,"$1,477.40 ",USD,1126.49, CLOSED, OK 
79,27374,Customer 79,user79@example.com,8/25/2023,3689.52,USD,7507.72, CLOSED,Processed
80,47983, Customer 80 ,user80test.org,31/01/2024,2641.34,USD,3987.42, CLOSED,Processed
81,00013563,Customer 81,user81@mail.com,11/25/2024,"$1,369.79 ",EUR,9973.68,active,Processed
82,95850,Customer 82,user82@mail.com,11/7/2023,725.08,INR,5131.36,active,Processed
83,12256,Customer 83,user83@test.org,1/25/2025,3270.55,INR,2040.28,active,Processed
84,00036507, Customer 84 ,user84@mail.com,24/06/2023,"$2,862.23 ",USD,1443.14, CLOSED, OK 
85,33091,Customer 85,user85test.org,4/7/2025,3019.84,INR,1985.09, CLOSED,Processed
86,64432,Customer 86,user86@mail.com,6/19/2024,4148.25,INR,4426.78,active,Processed
87,00098423,Customer 87,user87@mail.com,8/17/2023,"$1,582.49 ",INR,1192.5, CLOSED,Processed
88,43855, Customer 88 ,user88@test.org,6/8/2024,1144.98,INR,8746.18,PENDING ,Processed
89,30087,Customer 89,user89@test.org,10/13/2023,4331.82,USD,2766.34,ACTIVE,Processed
90,00066813,Customer 90,user90example.com,10/21/2025,$312.66 ,INR,7884.38,ACTIVE, OK 
91,46264,Customer 91,user91@example.com,11/11/2024,4739.98,USD,6159.87,PENDING ,Processed
92,21638, Customer 92 ,user92@test.org,18/05/2025,1011.95,EUR,5048.5,ACTIVE,Processed
93,00057265,Customer 93,user93@example.com,12/1/2025,$411.67 ,INR,2194.33, CLOSED,Processed
94,73419,Customer 94,user94@test.org,12/17/2025,4267.92,EUR,8737.36,active,Processed
95,66208,Customer 95,user95test.org,10/6/2023,2465.85,INR,4713.5, CLOSED,Processed
96,00094052, Customer 96 ,user96@mail.com,6/10/2024,"$1,477.38 ",USD,9784.53,active, OK 
97,87419,Customer 97,user97@mail.com,10/23/2025,3597.17,EUR,8280.5, CLOSED,Processed
98,82485,Customer 98,user98@example.com,11/9/2024,389.14,USD,5236.31,active,Processed
99,00045244,Customer 99,user99@mail.com,11/2/2023,$582.37 ,EUR,4384.6,ACTIVE,Processed
100,38092, Customer 100 ,user100example.com,29/12/2023,1952.53,EUR,6907.66,active,Processed
101,26162,Customer 101,user101@mail.com,9/25/2025,1469.51,USD,7060.6, CLOSED,Processed
102,00084114,Customer 102,user102@test.org,8/17/2025,"$1,656.98 ",USD,9149.52, CLOSED, OK 
103,89825,Customer 103,user103@mail.com,9/18/2025,2187.11,EUR,7615.06,PENDING ,Processed
104,64853, Customer 104 ,user104@mail.com,5/3/2025,2080.08,EUR,3282.04,ACTIVE,Processed
105,00087223,Customer 105,user105example.com,6/19/2025,"$1,023.06 ",USD,8198.16,PENDING ,Processed
106,13370,Customer 106,user106@example.com,2/16/2025,2985.24,USD,2428.84, CLOSED,Processed
107,79552,Customer 107,user107@example.com,3/15/2025,207.47,USD,6837.88,ACTIVE,Processed
108,00078000, Customer 108 ,user108@mail.com,15/12/2025,$913.67 ,EUR,3703.99, CLOSED, OK 
109,74356,Customer 109,user109@example.com,1/15/2026,3380.13,INR,9829.41,active,Processed
110,57366,Customer 110,user110test.org,12/14/2025,4935.29,USD,7960.16,active,Processed
111,00023527,Customer 111,user111@test.org,10/16/2023,"$2,863.46 ",EUR,2904.94,active,Processed
112,61167, Customer 112 ,user112@test.org,7/12/2025,647.92,USD,3340.68,active,Processed
113,45228,Customer 113,user113@test.org,1/8/2026,3691.99,INR,6834.86,ACTIVE,Processed
114,00023175,Customer 114,user114@test.org,8/13/2025,"$3,767.61 ",INR,3175.47,ACTIVE, OK 
115,89955,Customer 115,user115test.org,6/6/2023,4049.03,USD,4127.03,active,Processed
116,84137, Customer 116 ,user116@mail.com,2/12/2025,2227.98,USD,4993.48, CLOSED,Processed
117,00097121,Customer 117,user117@test.org,3/3/2024,"$4,856.20 ",INR,1023.55,active,Processed
118,92772,Customer 118,user118@example.com,4/29/2024,3685.56,EUR,4610.57, CLOSED,Processed
119,50840,Customer 119,user119@test.org,12/26/2023,2153.23,EUR,1912.65,ACTIVE,Processed
120,00094647, Customer 120 ,user120test.org,26/07/2024,"$1,282.52 ",EUR,9324.29, CLOSED, OK 
121,96116,Customer 121,user121@mail.com,7/14/2023,1703.22,EUR,1645.28,PENDING ,Processed
122,77162,Customer 122,user122@mail.com,8/6/2023,2067.14,INR,3031.59,ACTIVE,Processed
123,00017447,Customer 123,user123@test.org,5/5/2023,"$4,143.50 ",INR,9956.16,active,Processed
124,50615, Customer 124 ,user124@mail.com,6/8/2024,3155.65,INR,6007.7,ACTIVE,Processed
125,13487,Customer 125,user125mail.com,8/20/2024,1802.76,INR,5870.26,active,Processed
126,00032399,Customer 126,user126@example.com,1/11/2025,"$4,313.84 ",INR,9257.53,active, OK 
127,12574,Customer 127,user127@mail.com,11/11/2024,4829.98,USD,3773.46,PENDING ,Processed
128,40102, Customer 128 ,user128@test.org,12/6/2024,2245.98,EUR,6583.32,PENDING ,Processed
129,00046491,Customer 129,user129@test.org,1/15/2025,"$2,691.52 ",EUR,6490.27,ACTIVE,Processed
130,44167,Customer 130,user130mail.com,8/16/2025,328.16,EUR,7568.3, CLOSED,Processed
131,90780,Customer 131,user131@test.org,10/13/2024,3394.99,INR,7107.6, CLOSED,Processed
132,00059920, Customer 132 ,user132@mail.com,21/02/2025,$671.22 ,EUR,4843.8,ACTIVE, OK 
133,33044,Customer 133,user133@mail.com,12/26/2024,1295.97,EUR,2767.87,PENDING ,Processed
134,14422,Customer 134,user134@example.com,1/9/2025,1850.53,INR,1213.47,active,Processed
135,00022016,Customer 135,user135example.com,1/4/2026,"$1,343.56 ",INR,1432.64,active,Processed
136,21810, Customer 136 ,user136@mail.com,11/7/2023,3154.6,INR,8530.92,active,Processed
137,59064,Customer 137,user137@test.org,6/18/2025,1401.02,INR,9132.96,active,Processed
138,00095246,Customer 138,user138@mail.com,11/12/2025,"$4,002.89 ",INR,2692.44,active, OK 
139,18623,Customer 139,user139@example.com,10/6/2023,1141.45,INR,9838.96,ACTIVE,Processed
140,61106, Customer 140 ,user140example.com,15/03/2024,2237.19,INR,6955.99,PENDING ,Processed
141,00090984,Customer 141,user141@test.org,11/13/2025,"$4,806.55 ",EUR,6783.49,ACTIVE,Processed
142,69708,Customer 142,user142@mail.com,4/8/2025,3097.86,INR,6234.71,active,Processed
143,17228,Customer 143,user143@example.com,5/30/2023,1772.46,USD,7578.3,PENDING ,Processed
144,00011172, Customer 144 ,user144@mail.com,15/09/2024,"$2,052.60 ",EUR,6965.6,active, OK 
145,19373,Customer 145,user145example.com,5/26/2025,3997.77,INR,8857.64,active,Processed
146,76929,Customer 146,user146@mail.com,5/24/2024,1692.59,EUR,4624.16,active,Processed
147,00080075,Customer 147,user147@test.org,5/27/2025,"$3,022.73 ",INR,9401.55,PENDING ,Processed
148,69274, Customer 148 ,user148@mail.com,11/5/2023,4069.05,EUR,7183.59, CLOSED,Processed
149,43821,Customer 149,user149@example.com,9/23/2025,4393.39,EUR,4146.65, CLOSED,Processed
150,00013902,Customer 150,user150test.org,11/8/2024,"$4,020.44 ",INR,8216.6, CLOSED, OK 
151,32700,Customer 151,user151@test.org,8/5/2023,4701.84,EUR,7224.52,PENDING ,Processed
152,38154, Customer 152 ,user152@test.org,4/11/2024,584.02,INR,2750.13, CLOSED,Processed
153,00084849,Customer 153,user153@mail.com,10/30/2023,"$4,694.82 ",EUR,5713.93,active,Processed
154,49303,Customer 154,user154@test.org,2/6/2024,2537.79,EUR,1566.81,ACTIVE,Processed
155,51351,Customer 155,user155test.org,5/20/2023,3644.32,EUR,5036.28,PENDING ,Processed
156,00016514, Customer 156 ,user156@mail.com,11/12/2024,"$1,401.00 ",INR,1871.07,ACTIVE, OK 
157,26072,Customer 157,user157@test.org,7/31/2024,4098.4,USD,8943.61,PENDING ,Processed
158,12148,Customer 158,user158@test.org,1/25/2024,1933.64,INR,2628.9,ACTIVE,Processed
159,00022779,Customer 159,user159@mail.com,10/26/2023,"$2,193.17 ",EUR,6896.84,ACTIVE,Processed
160,14368, Customer 160 ,user160test.org,28/04/2024,1099.53,EUR,1064,active,Processed
161,60504,Customer 161,user161@example.com,10/25/2025,222.15,EUR,5628.08,active,Processed
162,00018894,Customer 162,user162@example.com,11/30/2023,"$3,322.92 ",USD,2048.66,ACTIVE, OK 
163,87474,Customer 163,user163@mail.com,1/31/2025,4819.1,INR,5108.94,ACTIVE,Processed
164,71726, Customer 164 ,user164@example.com,6/12/2023,4356.98,USD,7385.04, CLOSED,Processed
165,00062691,Customer 165,user165test.org,1/2/2024,"$2,330.71 ",USD,6223.02,PENDING ,Processed
166,94344,Customer 166,user166@example.com,11/30/2025,3112.65,INR,2014.36,active,Processed
167,33220,Customer 167,user167@example.com,7/3/2024,4000.7,USD,3894.92,PENDING ,Processed
168,00073176, Customer 168 ,user168@mail.com,5/3/2024,"$1,561.10 ",USD,6159.16, CLOSED, OK 
169,86807,Customer 169,user169@mail.com,6/20/2023,4311.09,INR,3874.8, CLOSED,Processed
170,90484,Customer 170,user170mail.com,4/1/2024,893.22,INR,6893.68,active,Processed
171,00072255,Customer 171,user171@test.org,11/11/2025,"$1,451.59 ",EUR,5746.02, CLOSED,Processed
172,14825, Customer 172 ,user172@example.com,9/11/2023,2559.78,EUR,8494.44,PENDING ,Processed
173,32101,Customer 173,user173@example.com,7/1/2024,1110.08,USD,5466.29,active,Processed
174,00027583,Customer 174,user174@test.org,8/26/2025,"$1,519.32 ",USD,6807.44, CLOSED, OK 
175,98992,Customer 175,user175example.com,9/10/2023,4843.87,USD,7501.07,ACTIVE,Processed
176,34387, Customer 176 ,user176@test.org,23/08/2023,1417.63,USD,1023.29,ACTIVE,Processed
177,00028322,Customer 177,user177@test.org,3/25/2025,"$1,016.26 ",EUR,1711.73,PENDING ,Processed
178,46146,Customer 178,user178@mail.com,2/2/2025,2214.21,INR,7377.73, CLOSED,Processed
179,79340,Customer 179,user179@example.com,12/11/2023,4976.81,EUR,5640.45,PENDING ,Processed
180,00042176, Customer 180 ,user180example.com,24/07/2024,"$2,393.87 ",EUR,3005.66,active, OK 
181,98163,Customer 181,user181@example.com,11/29/2025,990.39,USD,8072.81,active,Processed
182,81765,Customer 182,user182@test.org,2/13/2025,179.67,EUR,4996.34, CLOSED,Processed
183,00087030,Customer 183,user183@example.com,4/30/2025,"$1,010.65 ",INR,6048.91,PENDING ,Processed
184,45405, Customer 184 ,user184@test.org,23/02/2024,1792.87,INR,3480.9, CLOSED,Processed
185,21028,Customer 185,user185example.com,7/3/2025,3446.38,EUR,5660.26,ACTIVE,Processed
186,00044219,Customer 186,user186@example.com,6/25/2023,"$2,276.37 ",EUR,1645.2,active, OK 
187,14351,Customer 187,user187@mail.com,1/29/2024,2587.96,USD,6849.48,PENDING ,Processed
188,66759, Customer 188 ,user188@mail.com,11/6/2025,2859.32,USD,6679.52,ACTIVE,Processed
189,00071005,Customer 189,user189@mail.com,9/16/2025,"$4,809.09 ",INR,9759.6, CLOSED,Processed
190,55279,Customer 190,user190test.org,7/4/2024,1029.88,USD,8906.52,PENDING ,Processed
191,85073,Customer 191,user191@test.org,2/17/2025,3642.93,EUR,4640.08,ACTIVE,Processed
192,00092837, Customer 192 ,user192@mail.com,31/08/2024,"$1,007.82 ",USD,4348.04,ACTIVE, OK 
193,42972,Customer 193,user193@test.org,10/2/2024,2873.4,INR,9097.07,PENDING ,Processed
194,38526,Customer 194,user194@test.org,10/7/2025,2080.51,USD,6632.32,ACTIVE,Processed
195,00089528,Customer 195,user195mail.com,3/22/2024,"$1,077.77 ",INR,4984.23,active,Processed
196,65333, Customer 196 ,user196@mail.com,18/09/2025,3226.95,EUR,7398.62,ACTIVE,Processed
197,24889,Customer 197,user197@mail.com,12/31/2024,1728.3,USD,2915.37, CLOSED,Processed
198,00042753,Customer 198,user198@example.com,1/29/2025,"$3,201.41 ",EUR,2342.58,PENDING , OK 
199,42967,Customer 199,user199@test.org,1/7/2026,2689.32,USD,5376.25,ACTIVE,Processed
200,29562, Customer 200 ,user200example.com,6/4/2024,2353.93,EUR,3565.44,ACTIVE,Processed
201,00020171,Customer 201,user201@test.org,10/8/2025,"$4,296.95 ",EUR,4123.25,active,Processed
202,40656,Customer 202,user202@mail.com,12/19/2025,1075.61,INR,5910.55,active,Processed
203,65517,Customer 203,user203@test.org,9/17/2025,636.78,INR,1991.54,active,Processed
204,00061519, Customer 204 ,user204@example.com,7/4/2025,"$1,826.42 ",EUR,2601.98,PENDING , OK 
205,44312,Customer 205,user205mail.com,1/8/2025,3379.16,EUR,9177.67,active,Processed
206,85685,Customer 206,user206@mail.com,2/4/2025,3577.61,EUR,6902.57,active,Processed
207,00037443,Customer 207,user207@test.org,7/28/2023,"$4,412.20 ",USD,5001.56, CLOSED,Processed
208,16401, Customer 208 ,user208@example.com,28/09/2025,641.99,USD,6135.06,PENDING ,Processed
209,17701,Customer 209,user209@test.org,6/25/2024,1257.55,INR,9015.79, CLOSED,Processed
210,00065062,Customer 210,user210example.com,10/4/2024,"$3,155.12 ",INR,2132.29,PENDING , OK 
211,70279,Customer 211,user211@mail.com,3/2/2025,881.71,INR,4097.45,active,Processed
212,28479, Customer 212 ,user212@example.com,16/09/2025,1288.81,USD,2263.45,PENDING ,Processed
213,00035908,Customer 213,user213@example.com,12/17/2025,$950.07 ,INR,3460.64,PENDING ,Processed
214,57874,Customer 214,user214@example.com,6/17/2024,351.14,EUR,9836.81, CLOSED,Processed
215,41954,Customer 215,user215example.com,2/22/2024,1640.08,EUR,1549.71, CLOSED,Processed
216,00063928, Customer 216 ,user216@mail.com,17/12/2024,"$2,739.16 ",USD,9626.26,PENDING , OK 
217,89100,Customer 217,user217@test.org,6/10/2025,2069.02,USD,8544.96,PENDING ,Processed
218,34854,Customer 218,user218@mail.com,11/12/2023,4465.59,INR,2009.22,PENDING ,Processed
219,00031268,Customer 219,user219@example.com,7/13/2023,"$4,844.88 ",USD,1190.3, CLOSED,Processed
220,91836, Customer 220 ,user220example.com,25/07/2025,1568.64,INR,7170.51,ACTIVE,Processed
221,42423,Customer 221,user221@example.com,2/2/2025,3184.84,EUR,6523.66,PENDING ,Processed
222,00063460,Customer 222,user222@mail.com,1/7/2024,"$2,416.27 ",EUR,2886.25,ACTIVE, OK 
223,76586,Customer 223,user223@example.com,6/10/2024,1592.74,USD,2877.73,PENDING ,Processed
224,57498, Customer 224 ,user224@example.com,18/02/2024,3891.43,EUR,8360.14,active,Processed
225,00054081,Customer 225,user225mail.com,9/23/2024,"$2,144.68 ",USD,4769.85,PENDING ,Processed
226,51219,Customer 226,user226@mail.com,5/28/2024,4868.1,EUR,5642.64,active,Processed
227,53084,Customer 227,user227@example.com,4/5/2025,4379.19,INR,3590.08, CLOSED,Processed
228,00093108, Customer 228 ,user228@example.com,25/08/2023,"$4,167.25 ",USD,6711.41, CLOSED, OK 
229,15826,Customer 229,user229@example.com,5/23/2024,910.07,INR,5312,PENDING ,Processed
230,99698,Customer 230,user230mail.com,6/28/2025,3036.62,USD,8496.15, CLOSED,Processed
231,00024923,Customer 231,user231@test.org,5/24/2024,$805.03 ,INR,3749.96,PENDING ,Processed
232,80592, Customer 232 ,user232@mail.com,28/07/2023,4009.28,INR,5161.01, CLOSED,Processed
233,49110,Customer 233,user233@test.org,4/1/2024,2809.64,INR,1663.16,ACTIVE,Processed
234,00044379,Customer 234,user234@mail.com,6/30/2024,"$1,801.21 ",EUR,3333.57,PENDING , OK 
235,36513,Customer 235,user235mail.com,8/21/2023,1476.24,USD,7650.43,ACTIVE,Processed
236,14852, Customer 236 ,user236@example.com,15/07/2023,328.96,EUR,4741.4,PENDING ,Processed
237,00088846,Customer 237,user237@example.com,10/30/2025,"$3,836.25 ",USD,3813.8,PENDING ,Processed
238,69434,Customer 238,user238@mail.com,1/17/2024,2487.43,EUR,5635.58, CLOSED,Processed
239,54522,Customer 239,user239@test.org,6/2/2023,1599.24,INR,6490.25,ACTIVE,Processed
240,00048274, Customer 240 ,user240mail.com,7/5/2024,"$2,913.61 ",USD,2081.77,active, OK 
241,63358,Customer 241,user241@example.com,4/2/2025,1525.22,INR,6967.17,ACTIVE,Processed
242,60340,Customer 242,user242@mail.com,6/25/2024,4578.19,USD,1067.4,PENDING ,Processed
243,00034007,Customer 243,user243@mail.com,11/30/2023,"$1,163.77 ",USD,1556.6,PENDING ,Processed
244,92797, Customer 244 ,user244@test.org,2/9/2024,1810.28,EUR,5648.99,ACTIVE,Processed
245,64056,Customer 245,user245mail.com,6/7/2023,2822.59,USD,1505.81,ACTIVE,Processed
246,00049005,Customer 246,user246@test.org,9/26/2024,"$3,218.30 ",INR,9790.89,PENDING , OK 
247,19666,Customer 247,user247@example.com,6/13/2024,1956.4,INR,7940.88,PENDING ,Processed
248,32155, Customer 248 ,user248@example.com,29/05/2024,2195.79,EUR,9489.88,PENDING ,Processed
249,00092965,Customer 249,user249@example.com,12/31/2025,"$2,324.01 ",EUR,4143.67,active,Processed
250,51513,Customer 250,user250test.org,7/13/2025,4516.99,EUR,9890.8, CLOSED,Processed
251,73694,Customer 251,user251@mail.com,6/6/2025,1060.86,INR,3055.68,PENDING ,Processed
252,00052372, Customer 252 ,user252@example.com,17/08/2025,"$2,538.52 ",EUR,1882.39,ACTIVE, OK 
253,95489,Customer 253,user253@mail.com,10/25/2025,631.76,USD,3563.16,active,Processed
254,90443,Customer 254,user254@example.com,12/9/2025,2894.19,USD,6479.54, CLOSED,Processed
255,00083447,Customer 255,user255mail.com,11/29/2025,"$4,563.76 ",EUR,2143.77, CLOSED,Processed
256,77319, Customer 256 ,user256@example.com,19/06/2023,1183.18,EUR,5286, CLOSED,Processed
257,58272,Customer 257,user257@example.com,11/10/2025,4852.52,USD,9299.26, CLOSED,Processed
258,00049974,Customer 258,user258@mail.com,5/24/2023,"$2,388.95 ",INR,9774.8,active, OK 
259,29017,Customer 259,user259@mail.com,11/8/2023,1883.09,INR,6962.07,ACTIVE,Processed
260,52562, Customer 260 ,user260example.com,29/04/2023,3814.27,USD,3506.25,active,Processed
261,00061557,Customer 261,user261@mail.com,12/7/2024,$667.62 ,EUR,9138.28, CLOSED,Processed
262,51624,Customer 262,user262@test.org,2/17/2024,4355.77,INR,5858.82,ACTIVE,Processed
263,36188,Customer 263,user263@mail.com,4/5/2025,4357.42,EUR,8368.09, CLOSED,Processed
264,00053001, Customer 264 ,user264@mail.com,12/5/2025,"$3,568.20 ",INR,8587.1,PENDING , OK 
265,42062,Customer 265,user265test.org,8/4/2023,2405.8,USD,3345.63,PENDING ,Processed
266,29218,Customer 266,user266@test.org,2/21/2024,4711.81,INR,7167.62,PENDING ,Processed
267,00030132,Customer 267,user267@mail.com,1/29/2024,"$2,226.31 ",USD,8159.37,active,Processed
268,99380, Customer 268 ,user268@test.org,9/10/2025,4793.73,USD,1695.43,PENDING ,Processed
269,65792,Customer 269,user269@mail.com,9/22/2023,1601.42,EUR,8616.65,PENDING ,Processed
270,00043023,Customer 270,user270mail.com,1/10/2026,"$3,519.42 ",INR,3439.28,active, OK 
271,48486,Customer 271,user271@mail.com,12/15/2024,4587.39,EUR,1385.44,active,Processed
272,75646, Customer 272 ,user272@mail.com,4/10/2024,1471.67,INR,7494.78,active,Processed
273,00012177,Customer 273,user273@example.com,6/13/2023,"$4,219.41 ",EUR,6003.53,PENDING ,Processed
274,97540,Customer 274,user274@test.org,12/16/2024,3385.37,INR,1995.35,PENDING ,Processed
275,33792,Customer 275,user275mail.com,7/15/2023,4785.21,INR,8574.47, CLOSED,Processed
276,00042614, Customer 276 ,user276@example.com,23/07/2024,"$2,674.42 ",EUR,3192.93,active, OK 
277,95299,Customer 277,user277@example.com,12/8/2024,1527.78,USD,7148.24,active,Processed
278,74899,Customer 278,user278@example.com,11/1/2024,2932.45,EUR,1165.71,ACTIVE,Processed
279,00070909,Customer 279,user279@example.com,10/24/2023,"$4,690.63 ",EUR,9865.06,ACTIVE,Processed
280,10621, Customer 280 ,user280mail.com,16/10/2025,3438.37,USD,6649.39, CLOSED,Processed
281,35504,Customer 281,user281@example.com,7/9/2023,1848.69,USD,8693.85,PENDING ,Processed
282,00084398,Customer 282,user282@mail.com,11/1/2023,"$1,372.96 ",EUR,8386.19,PENDING , OK 
283,75697,Customer 283,user283@example.com,4/6/2025,2170.02,EUR,8157.5, CLOSED,Processed
284,84972, Customer 284 ,user284@test.org,23/03/2025,4681.88,USD,9066.45,active,Processed
285,00079032,Customer 285,user285mail.com,1/17/2024,$297.33 ,EUR,3664.08,PENDING ,Processed
286,90038,Customer 286,user286@mail.com,7/19/2023,1583.22,INR,9763.4, CLOSED,Processed
287,48462,Customer 287,user287@test.org,8/23/2024,2014.15,INR,5607.59,ACTIVE,Processed
288,00027392, Customer 288 ,user288@mail.com,25/08/2023,"$2,048.93 ",EUR,6940.84,ACTIVE, OK 
289,60164,Customer 289,user289@example.com,11/20/2024,3570.17,EUR,5585.83,PENDING ,Processed
290,52305,Customer 290,user290example.com,10/6/2024,4515.54,EUR,8496.62,active,Processed
291,00014080,Customer 291,user291@mail.com,12/21/2023,"$1,139.93 ",EUR,6674.55,ACTIVE,Processed
292,17951, Customer 292 ,user292@example.com,1/4/2024,3860.77,EUR,3777.48,ACTIVE,Processed
293,42320,Customer 293,user293@test.org,2/4/2025,423.09,EUR,5886.88, CLOSED,Processed
294,00058802,Customer 294,user294@example.com,9/17/2023,"$1,059.85 ",USD,5056.57,ACTIVE, OK 
295,13823,Customer 295,user295example.com,11/27/2023,1733.05,USD,8417.13, CLOSED,Processed
296,48435, Customer 296 ,user296@example.com,14/05/2023,435.54,USD,1016.4,active,Processed
297,00022032,Customer 297,user297@mail.com,3/7/2024,"$2,236.03 ",EUR,4078.64, CLOSED,Processed
298,73077,Customer 298,user298@test.org,4/25/2024,700.41,EUR,4934.22, CLOSED,Processed
299,97838,Customer 299,user299@example.com,11/12/2023,4887.9,EUR,7745.83,active,Processed
300,00053096, Customer 300 ,user300mail.com,2/12/2025,"$3,594.08 ",INR,4915.45, CLOSED, OK 
301,45216,Customer 301,user301@example.com,7/5/2023,555.98,INR,5750.43, CLOSED,Processed
302,71505,Customer 302,user302@mail.com,7/27/2023,2146.98,INR,7041, CLOSED,Processed
303,00040966,Customer 303,user303@example.com,9/20/2024,"$1,544.88 ",USD,3462.3,ACTIVE,Processed
304,78983, Customer 304 ,user304@example.com,10/8/2024,2574.73,INR,5264.38,PENDING ,Processed
305,64409,Customer 305,user305mail.com,5/21/2024,1006.3,EUR,3866.22,PENDING ,Processed
306,00055594,Customer 306,user306@example.com,9/29/2023,"$2,181.38 ",EUR,9323.25,active, OK 
307,51762,Customer 307,user307@mail.com,12/12/2025,1202.14,USD,2929.37, CLOSED,Processed
308,54650, Customer 308 ,user308@test.org,13/12/2024,1478.64,INR,6399.08, CLOSED,Processed
309,00020194,Customer 309,user309@example.com,7/15/2025,"$3,786.83 ",INR,6542.5,PENDING ,Processed
310,50843,Customer 310,user310test.org,4/24/2025,4404.89,USD,1852.89,active,Processed
311,48234,Customer 311,user311@test.org,1/16/2025,348.35,EUR,2528.75, CLOSED,Processed
312,00024775, Customer 312 ,user312@example.com,17/08/2024,$174.21 ,USD,1176.55,active, OK 
313,70090,Customer 313,user313@test.org,7/17/2023,1193.33,USD,8076.9, CLOSED,Processed
314,63069,Customer 314,user314@test.org,5/10/2025,1453.31,INR,5019.01,active,Processed
315,00069588,Customer 315,user315mail.com,5/27/2023,"$2,759.37 ",EUR,5295.37, CLOSED,Processed
316,88530, Customer 316 ,user316@test.org,13/05/2024,364.75,EUR,3088.06,ACTIVE,Processed
317,89306,Customer 317,user317@mail.com,10/28/2024,3514.15,INR,5110.87,ACTIVE,Processed
318,00074963,Customer 318,user318@test.org,5/30/2025,"$4,215.87 ",INR,6273.21,ACTIVE, OK 
319,11223,Customer 319,user319@example.com,7/23/2023,1439.48,INR,3037.41,active,Processed
320,84214, Customer 320 ,user320example.com,12/4/2025,3165.48,USD,4242.62, CLOSED,Processed
321,00093164,Customer 321,user321@mail.com,12/26/2023,"$4,780.70 ",INR,2201.69,active,Processed
322,96420,Customer 322,user322@test.org,10/1/2025,318.94,INR,8261.11,PENDING ,Processed
323,32638,Customer 323,user323@mail.com,11/28/2025,2499.28,EUR,8819.24,active,Processed
324,00019420, Customer 324 ,user324@test.org,19/09/2025,"$3,043.20 ",USD,1366.8,PENDING , OK 
325,61631,Customer 325,user325mail.com,6/13/2025,4295.46,EUR,3097.19,active,Processed
326,64603,Customer 326,user326@example.com,9/30/2025,951.93,EUR,8165.17,ACTIVE,Processed
327,00062560,Customer 327,user327@mail.com,12/9/2023,"$4,424.52 ",INR,4136.93, CLOSED,Processed
328,75371, Customer 328 ,user328@example.com,28/08/2023,3491.15,EUR,6323.43,PENDING ,Processed
329,12372,Customer 329,user329@mail.com,10/23/2025,1459.29,USD,2708.21,active,Processed
330,00027066,Customer 330,user330example.com,7/18/2023,"$2,942.51 ",EUR,8844.85,ACTIVE, OK 
331,33909,Customer 331,user331@mail.com,1/28/2024,733.8,INR,8196.55,ACTIVE,Processed
332,28825, Customer 332 ,user332@example.com,25/01/2024,2156.04,INR,3887.02,ACTIVE,Processed
333,00065225,Customer 333,user333@example.com,3/15/2024,"$2,855.19 ",INR,3054.46,active,Processed
334,59831,Customer 334,user334@example.com,4/18/2024,3906.34,INR,9893.7,ACTIVE,Processed
335,51580,Customer 335,user335mail.com,7/16/2024,3722.65,EUR,4011.5, CLOSED,Processed
336,00014159, Customer 336 ,user336@mail.com,31/07/2024,"$3,659.99 ",USD,1248.59,PENDING , OK 
337,87190,Customer 337,user337@test.org,4/19/2024,2961.68,USD,2183.04,PENDING ,Processed
338,46468,Customer 338,user338@mail.com,4/2/2024,1919.23,EUR,8123.25,PENDING ,Processed
339,00074094,Customer 339,user339@test.org,5/30/2025,"$3,895.10 ",EUR,8242.62, CLOSED,Processed
340,13360, Customer 340 ,user340test.org,22/01/2025,352.18,USD,3571.13,ACTIVE,Processed
341,10637,Customer 341,user341@mail.com,1/1/2026,2178.29,EUR,5659.11, CLOSED,Processed
342,00035566,Customer 342,user342@test.org,6/11/2023,"$3,134.00 ",EUR,6563.48,ACTIVE, OK 
343,72289,Customer 343,user343@example.com,11/20/2025,1623.64,INR,9928.58,ACTIVE,Processed
344,97526, Customer 344 ,user344@example.com,25/08/2023,1753.86,EUR,3618.73,active,Processed
345,00037268,Customer 345,user345mail.com,1/3/2026,"$4,927.37 ",USD,4036.76, CLOSED,Processed
346,77154,Customer 346,user346@example.com,7/12/2023,1108.58,USD,4633.25, CLOSED,Processed
347,87340,Customer 347,user347@mail.com,1/4/2026,1209.14,USD,2095.7,PENDING ,Processed
348,00042596, Customer 348 ,user348@mail.com,12/1/2026,"$3,543.18 ",USD,5580.33,PENDING , OK 
349,16600,Customer 349,user349@test.org,3/25/2024,1202.42,INR,8989.3,PENDING ,Processed
350,52115,Customer 350,user350example.com,7/1/2025,4258.89,USD,4442.53, CLOSED,Processed
351,00083038,Customer 351,user351@mail.com,10/14/2024,"$3,709.77 ",INR,6638.43,ACTIVE,Processed
352,74788, Customer 352 ,user352@mail.com,1/3/2024,3016.26,USD,8700.08,active,Processed
353,72608,Customer 353,user353@test.org,7/15/2025,1841.91,USD,9207.45,PENDING ,Processed
354,00087242,Customer 354,user354@example.com,9/28/2024,"$2,990.81 ",USD,2043,ACTIVE, OK 
355,80704,Customer 355,user355mail.com,9/11/2023,3486.25,EUR,8323.33, CLOSED,Processed
356,43896, Customer 356 ,user356@mail.com,6/10/2024,404.48,EUR,8241.6, CLOSED,Processed
357,00047405,Customer 357,user357@test.org,2/1/2025,"$4,859.07 ",INR,7207.66,PENDING ,Processed
358,96634,Customer 358,user358@mail.com,9/19/2024,343.51,INR,2532.72,PENDING ,Processed
359,95384,Customer 359,user359@test.org,4/18/2024,2884.18,EUR,9204.72, CLOSED,Processed
360,00061176, Customer 360 ,user360test.org,14/07/2025,"$3,876.80 ",EUR,7572.21,ACTIVE, OK 
361,22473,Customer 361,user361@example.com,10/11/2025,4872.79,EUR,1786.64,ACTIVE,Processed
362,20942,Customer 362,user362@example.com,12/8/2023,2351.35,USD,5150.8,PENDING ,Processed
363,00020148,Customer 363,user363@mail.com,12/10/2025,"$2,585.79 ",USD,8506.38,PENDING ,Processed
364,29769, Customer 364 ,user364@test.org,20/11/2024,4225.26,EUR,5274.83,ACTIVE,Processed
365,55036,Customer 365,user365example.com,7/5/2025,201.1,INR,5729.43, CLOSED,Processed
366,00026748,Customer 366,user366@example.com,4/9/2025,"$3,815.25 ",USD,6288.59,PENDING , OK 
367,38485,Customer 367,user367@test.org,10/2/2024,1086.71,USD,7870.55,PENDING ,Processed
368,19018, Customer 368 ,user368@mail.com,6/4/2025,3986.93,EUR,7158.91, CLOSED,Processed
369,00063052,Customer 369,user369@mail.com,3/11/2025,"$1,628.00 ",USD,6670.19,ACTIVE,Processed
370,55265,Customer 370,user370test.org,5/26/2023,4236.74,USD,8261.45,active,Processed
371,61125,Customer 371,user371@example.com,11/13/2023,2177.16,INR,1106.43,PENDING ,Processed
372,00094201, Customer 372 ,user372@example.com,12/9/2025,"$1,600.70 ",USD,4414.38,ACTIVE, OK 
373,20762,Customer 373,user373@mail.com,9/28/2023,4252.78,INR,6489.57, CLOSED,Processed
374,81389,Customer 374,user374@test.org,7/23/2025,2990.49,EUR,3278.17, CLOSED,Processed
375,00059532,Customer 375,user375test.org,10/28/2024,"$1,090.14 ",USD,2631.44,PENDING ,Processed
376,22388, Customer 376 ,user376@mail.com,23/11/2023,2430.01,USD,1392.79,ACTIVE,Processed
377,32567,Customer 377,user377@example.com,9/1/2024,1805.39,USD,4286.37,active,Processed
378,00016516,Customer 378,user378@mail.com,12/5/2024,"$3,083.75 ",EUR,1027.46, CLOSED, OK 
379,99281,Customer 379,user379@mail.com,1/11/2024,1970.49,EUR,9356.85,ACTIVE,Processed
380,35408, Customer 380 ,user380test.org,5/7/2024,1544.24,USD,8304.35,PENDING ,Processed
381,00044772,Customer 381,user381@mail.com,5/19/2023,"$1,042.85 ",USD,8596.3,ACTIVE,Processed
382,34926,Customer 382,user382@test.org,5/14/2023,3603.79,EUR,9321.14,active,Processed
383,60116,Customer 383,user383@test.org,2/28/2024,2356.53,INR,9031.86,ACTIVE,Processed
384,00054440, Customer 384 ,user384@test.org,10/3/2024,"$4,006.75 ",INR,7831.81,active, OK 
385,20927,Customer 385,user385mail.com,7/27/2024,4709.26,EUR,3449.41, CLOSED,Processed
386,48066,Customer 386,user386@test.org,4/1/2025,539.29,INR,1388.94, CLOSED,Processed
387,00045705,Customer 387,user387@test.org,8/26/2024,"$1,034.85 ",EUR,3704.67,PENDING ,Processed
388,41968, Customer 388 ,user388@example.com,14/08/2025,3295.5,USD,6316.44,PENDING ,Processed
389,62830,Customer 389,user389@test.org,7/17/2023,428.44,USD,6478.65,active,Processed
390,00093388,Customer 390,user390example.com,8/25/2024,$658.99 ,USD,6434.66,PENDING , OK 
391,94974,Customer 391,user391@mail.com,9/19/2024,3591.17,EUR,6672.83, CLOSED,Processed
392,88500, Customer 392 ,user392@example.com,2/7/2025,4200.52,EUR,7136.71, CLOSED,Processed
393,00039370,Customer 393,user393@mail.com,3/10/2025,"$3,185.14 ",INR,3585.67,PENDING ,Processed
394,59999,Customer 394,user394@mail.com,1/30/2024,4495.23,USD,5535.22, CLOSED,Processed
395,36640,Customer 395,user395test.org,7/27/2023,4427.42,INR,1278.54,PENDING ,Processed
396,00064570, Customer 396 ,user396@example.com,8/7/2024,$200.53 ,USD,1921.11,PENDING , OK 
397,67223,Customer 397,user397@test.org,4/23/2025,2764.55,USD,7595.94, CLOSED,Processed
398,71141,Customer 398,user398@mail.com,6/17/2025,2839.29,EUR,1989.14, CLOSED,Processed
399,00046126,Customer 399,user399@mail.com,10/20/2025,"$1,728.26 ",INR,8563.24, CLOSED,Processed
400,45724, Customer 400 ,user400test.org,27/07/2023,148.94,INR,3952.68,PENDING ,Processed
401,71028,Customer 401,user401@example.com,6/1/2023,2838.98,INR,4550,active,Processed
402,00079300,Customer 402,user402@example.com,2/1/2024,"$4,280.96 ",EUR,3201.2,active, OK 
403,48898,Customer 403,user403@mail.com,7/27/2025,3572.96,EUR,8899.8, CLOSED,Processed
404,17277, Customer 404 ,user404@example.com,26/09/2023,1339.84,USD,5487.95,active,Processed
405,00065258,Customer 405,user405test.org,8/29/2025,$921.74 ,EUR,5986.71,PENDING ,Processed
406,76164,Customer 406,user406@example.com,12/8/2023,3239.3,USD,5713.9,PENDING ,Processed
407,78073,Customer 407,user407@mail.com,8/8/2024,680.58,EUR,2601.75,PENDING ,Processed
408,00023861, Customer 408 ,user408@mail.com,27/10/2025,"$3,064.08 ",INR,5313.5,ACTIVE, OK 
409,88803,Customer 409,user409@example.com,10/4/2025,2753.84,EUR,2280.52,ACTIVE,Processed
410,20907,Customer 410,user410mail.com,12/5/2025,1904.08,EUR,4516.48,active,Processed
411,00018578,Customer 411,user411@test.org,1/11/2026,$237.90 ,EUR,4972.09,PENDING ,Processed
412,52204, Customer 412 ,user412@mail.com,20/09/2025,4701.49,USD,7305.19,ACTIVE,Processed
413,61947,Customer 413,user413@mail.com,9/1/2024,2958.6,INR,2456.84,active,Processed
414,00040480,Customer 414,user414@mail.com,12/29/2025,$591.16 ,EUR,7922.24,active, OK 
415,61531,Customer 415,user415mail.com,11/9/2023,231.67,USD,1601.65,PENDING ,Processed
416,23474, Customer 416 ,user416@example.com,30/12/2025,2160.5,INR,1897.74,active,Processed
417,00098665,Customer 417,user417@test.org,3/29/2025,"$3,295.21 ",USD,8507.32,ACTIVE,Processed
418,10182,Customer 418,user418@test.org,1/20/2025,4822.49,USD,6088.6,active,Processed
419,49365,Customer 419,user419@mail.com,8/24/2024,2784.37,INR,3143.46,PENDING ,Processed
420,00017318, Customer 420 ,user420mail.com,31/10/2025,$171.63 ,USD,6613.04,PENDING , OK 
421,61103,Customer 421,user421@test.org,1/27/2024,144.39,INR,4467.22,ACTIVE,Processed
422,13948,Customer 422,user422@mail.com,7/28/2023,3409.24,INR,1413.61,PENDING ,Processed
423,00020780,Customer 423,user423@mail.com,7/21/2023,"$1,658.44 ",USD,3329.94,PENDING ,Processed
424,19024, Customer 424 ,user424@example.com,25/10/2025,1792.72,EUR,4403.63,PENDING ,Processed
425,22496,Customer 425,user425test.org,2/27/2025,3887.38,INR,6970.09,PENDING ,Processed
426,00016852,Customer 426,user426@mail.com,6/7/2024,"$1,338.66 ",INR,8538.32,active, OK 
427,11163,Customer 427,user427@test.org,5/27/2025,2220.01,USD,3684.47, CLOSED,Processed
428,76544, Customer 428 ,user428@example.com,17/08/2025,2004.38,USD,4269.82, CLOSED,Processed
429,00055191,Customer 429,user429@test.org,12/16/2024,"$1,413.15 ",EUR,9539.91, CLOSED,Processed
430,95612,Customer 430,user430test.org,10/4/2025,3912.9,INR,2042.3,ACTIVE,Processed
431,44687,Customer 431,user431@test.org,6/20/2025,3068.15,USD,8750.06,active,Processed
432,00036578, Customer 432 ,user432@mail.com,21/07/2023,"$1,354.57 ",INR,7457.12,ACTIVE, OK 
433,69953,Customer 433,user433@test.org,1/5/2024,2316.5,USD,9885.21,ACTIVE,Processed
434,61080,Customer 434,user434@example.com,10/19/2024,3071.5,INR,2278.1,ACTIVE,Processed
435,00059086,Customer 435,user435test.org,7/4/2023,"$3,184.88 ",INR,3334.34,ACTIVE,Processed
436,11161, Customer 436 ,user436@mail.com,24/05/2024,887.16,USD,8488.05,PENDING ,Processed
437,85139,Customer 437,user437@test.org,6/1/2024,4588.9,INR,3176.57,ACTIVE,Processed
438,00010933,Customer 438,user438@example.com,4/1/2024,"$2,052.12 ",INR,8468.91, CLOSED, OK 
439,42295,Customer 439,user439@example.com,5/31/2025,746.7,USD,1848.33,ACTIVE,Processed
440,45486, Customer 440 ,user440mail.com,30/06/2024,1041.6,USD,4159.52,ACTIVE,Processed
441,00090871,Customer 441,user441@test.org,3/5/2024,"$1,953.19 ",INR,9036.68,ACTIVE,Processed
442,56376,Customer 442,user442@mail.com,12/24/2024,1309.55,INR,4882.86,active,Processed
443,85143,Customer 443,user443@mail.com,2/1/2025,4020.8,EUR,9895.71,PENDING ,Processed
444,00035024, Customer 444 ,user444@mail.com,26/05/2023,"$4,003.15 ",INR,6000.47,PENDING , OK 
445,63835,Customer 445,user445example.com,2/7/2024,2354.97,INR,8894.98,ACTIVE,Processed
446,16967,Customer 446,user446@example.com,8/8/2025,1586.47,EUR,2433.85, CLOSED,Processed
447,00057881,Customer 447,user447@example.com,11/16/2023,"$2,424.75 ",USD,7680.34,PENDING ,Processed
448,17197, Customer 448 ,user448@example.com,30/09/2024,615.28,USD,5403.16, CLOSED,Processed
449,96808,Customer 449,user449@mail.com,2/12/2024,3419.22,USD,3882.4,active,Processed
450,00041239,Customer 450,user450example.com,10/2/2025,$142.12 ,INR,8156.55,active, OK 
451,23752,Customer 451,user451@mail.com,6/4/2025,1873.67,INR,9144.7,active,Processed
452,26592, Customer 452 ,user452@test.org,14/05/2024,1745.51,INR,5980.73,active,Processed
453,00079245,Customer 453,user453@example.com,2/5/2025,"$2,879.61 ",EUR,1457.46,ACTIVE,Processed
454,57946,Customer 454,user454@example.com,9/26/2025,3664.8,EUR,7812.86,active,Processed
455,15135,Customer 455,user455example.com,8/25/2023,380.47,USD,6075.41,ACTIVE,Processed
456,00027925, Customer 456 ,user456@mail.com,23/07/2023,"$1,923.24 ",EUR,9146.58, CLOSED, OK 
457,72200,Customer 457,user457@example.com,8/4/2023,4903.72,USD,2668.95,active,Processed
458,47579,Customer 458,user458@test.org,1/23/2025,4731.89,INR,3326.02, CLOSED,Processed
459,00094992,Customer 459,user459@test.org,10/5/2023,$661.14 ,USD,9530.26, CLOSED,Processed
460,81156, Customer 460 ,user460mail.com,12/7/2025,815.67,EUR,3358.3,active,Processed
461,73840,Customer 461,user461@example.com,11/30/2025,4153.18,INR,1174.32,ACTIVE,Processed
462,00061333,Customer 462,user462@example.com,3/20/2025,"$1,719.60 ",INR,9196.19,active, OK 
463,28718,Customer 463,user463@example.com,10/30/2024,4454.56,USD,8461.43,PENDING ,Processed
464,93846, Customer 464 ,user464@example.com,13/06/2025,2267.06,EUR,1117.01,ACTIVE,Processed
465,00055860,Customer 465,user465mail.com,3/1/2025,"$2,528.11 ",USD,6838.44, CLOSED,Processed
466,68197,Customer 466,user466@test.org,5/11/2025,1778.65,USD,6754.77,ACTIVE,Processed
467,44454,Customer 467,user467@test.org,4/14/2024,614.85,USD,4847.35,PENDING ,Processed
468,00043398, Customer 468 ,user468@test.org,12/6/2023,"$2,563.59 ",USD,8291.32,ACTIVE, OK 
469,76320,Customer 469,user469@example.com,11/13/2024,3743.06,INR,3467.72,ACTIVE,Processed
470,48584,Customer 470,user470example.com,11/10/2024,3770.64,USD,2913.28,PENDING ,Processed
471,00067353,Customer 471,user471@mail.com,12/25/2024,$744.78 ,INR,9105.46,PENDING ,Processed
472,12367, Customer 472 ,user472@example.com,14/11/2023,1500.85,USD,6420.68, CLOSED,Processed
473,54487,Customer 473,user473@test.org,2/29/2024,1080.52,EUR,4914.44,ACTIVE,Processed
474,00026236,Customer 474,user474@example.com,6/18/2025,$868.42 ,EUR,2905.48,active, OK 
475,84975,Customer 475,user475test.org,9/13/2025,1581.37,INR,9505.71, CLOSED,Processed
476,75849, Customer 476 ,user476@test.org,21/11/2025,3637.31,EUR,2588.59, CLOSED,Processed
477,00049880,Customer 477,user477@mail.com,6/23/2025,$536.96 ,USD,2216.68, CLOSED,Processed
478,97002,Customer 478,user478@mail.com,7/15/2023,3039.62,INR,4636.72,active,Processed
479,33201,Customer 479,user479@mail.com,2/12/2024,1542.92,USD,5154.34,PENDING ,Processed
480,00088270, Customer 480 ,user480mail.com,5/4/2024,"$4,727.54 ",EUR,4645.7,PENDING , OK 
481,71355,Customer 481,user481@test.org,6/11/2025,315.54,INR,5272.38,ACTIVE,Processed
482,22974,Customer 482,user482@example.com,10/10/2025,3830.92,EUR,3934.74, CLOSED,Processed
483,00076582,Customer 483,user483@example.com,5/30/2023,"$1,438.98 ",EUR,5297.71, CLOSED,Processed
484,79508, Customer 484 ,user484@example.com,5/10/2023,404.64,EUR,8004.25, CLOSED,Processed
485,78324,Customer 485,user485mail.com,2/14/2025,2501.71,INR,9870.05, CLOSED,Processed
486,00040392,Customer 486,user486@mail.com,12/15/2023,"$2,332.60 ",EUR,7267.27, CLOSED, OK 
487,19568,Customer 487,user487@example.com,7/28/2025,1367.15,EUR,4571.72,PENDING ,Processed
488,74269, Customer 488 ,user488@test.org,18/05/2023,2138.64,INR,1496.31, CLOSED,Processed
489,00019458,Customer 489,user489@test.org,8/25/2024,"$4,676.11 ",EUR,9325.16,PENDING ,Processed
490,25335,Customer 490,user490mail.com,1/20/2025,3657.76,EUR,7624.06,PENDING ,Processed
491,14414,Customer 491,user491@test.org,7/13/2023,1957.92,INR,6432.23, CLOSED,Processed
492,00012633, Customer 492 ,user492@test.org,9/10/2025,"$2,139.31 ",EUR,7102.43, CLOSED, OK 
493,63224,Customer 493,user493@example.com,11/23/2025,2655.32,INR,5224.36,PENDING ,Processed
494,63254,Customer 494,user494@mail.com,3/28/2025,4682.22,INR,5507.23,ACTIVE,Processed
495,00082399,Customer 495,user495example.com,11/17/2024,"$3,451.75 ",EUR,4611.94, CLOSED,Processed
496,91881, Customer 496 ,user496@test.org,26/04/2023,1010.07,USD,3472.03,PENDING ,Processed
497,85260,Customer 497,user497@example.com,12/30/2024,4786.98,USD,2796.17, CLOSED,Processed
498,00078831,Customer 498,user498@example.com,12/8/2024,"$3,383.09 ",EUR,9146.91,active, OK 
499,64233,Customer 499,user499@mail.com,9/8/2025,1726.18,INR,7151.1, CLOSED,Processed
500,15802, Customer 500 ,user500mail.com,16/06/2023,2685.47,EUR,5915.31, CLOSED,Processed
501,00022247,Customer 501,user501@mail.com,5/14/2024,"$2,436.84 ",INR,3498.32,PENDING ,Processed
502,74398,Customer 502,user502@mail.com,10/16/2023,2144.26,INR,2364.32,active,Processed
503,50033,Customer 503,user503@test.org,9/30/2025,4938.45,USD,8044.66,ACTIVE,Processed
504,00044939, Customer 504 ,user504@example.com,27/12/2025,"$1,852.79 ",INR,1804.93,PENDING , OK 
505,48254,Customer 505,user505test.org,8/29/2024,4300.21,INR,8620.11,PENDING ,Processed
506,45698,Customer 506,user506@test.org,2/3/2025,4746.97,EUR,4076.75,PENDING ,Processed
507,00052370,Customer 507,user507@example.com,11/7/2025,"$1,459.96 ",INR,4922.91, CLOSED,Processed
508,62022, Customer 508 ,user508@test.org,25/07/2023,1462.33,USD,9670.44,active,Processed
509,69892,Customer 509,user509@example.com,2/17/2025,868.84,USD,4253.05,PENDING ,Processed
510,00054034,Customer 510,user510mail.com,6/22/2024,"$4,543.70 ",EUR,8161.23, CLOSED, OK 
511,52102,Customer 511,user511@test.org,11/29/2023,3837.16,USD,6328.3,PENDING ,Processed
512,80191, Customer 512 ,user512@example.com,23/05/2025,4962.95,INR,8879.15,ACTIVE,Processed
513,00041318,Customer 513,user513@mail.com,4/5/2025,"$1,784.21 ",EUR,1191.08,ACTIVE,Processed
514,53253,Customer 514,user514@example.com,6/26/2023,4179.42,EUR,4535.24,PENDING ,Processed
515,31686,Customer 515,user515example.com,6/17/2025,4540.67,EUR,5202.42,active,Processed
516,00011059, Customer 516 ,user516@mail.com,25/08/2025,"$2,163.42 ",USD,8785.57, CLOSED, OK 
517,58098,Customer 517,user517@test.org,2/17/2024,3468.36,EUR,8491.58, CLOSED,Processed
518,34224,Customer 518,user518@test.org,8/23/2023,1271.83,USD,6756.02, CLOSED,Processed
519,00070368,Customer 519,user519@example.com,12/2/2024,"$1,220.65 ",USD,4755.04, CLOSED,Processed
520,99273, Customer 520 ,user520example.com,1/1/2025,4420.02,INR,4043.26, CLOSED,Processed
521,74781,Customer 521,user521@mail.com,11/15/2025,4044.82,INR,5767.42,ACTIVE,Processed
522,00038654,Customer 522,user522@example.com,8/29/2025,"$1,227.32 ",INR,8235.3,ACTIVE, OK 
523,32794,Customer 523,user523@example.com,4/21/2024,1918.79,USD,9270.91,active,Processed
524,37415, Customer 524 ,user524@example.com,1/1/2024,245.98,EUR,1584.28,active,Processed
525,00088825,Customer 525,user525mail.com,7/12/2023,$777.31 ,EUR,1794.67, CLOSED,Processed
526,27541,Customer 526,user526@test.org,4/8/2025,4155.57,USD,1856.93,ACTIVE,Processed
527,29670,Customer 527,user527@test.org,1/3/2026,2491.03,USD,7146.06,PENDING ,Processed
528,00037215, Customer 528 ,user528@example.com,8/1/2026,"$2,190.72 ",INR,4573.85,PENDING , OK 
529,88243,Customer 529,user529@example.com,5/2/2024,3737.17,INR,4639.86,active,Processed
530,21216,Customer 530,user530mail.com,8/26/2025,3179.43,USD,5788.38,PENDING ,Processed
531,00086897,Customer 531,user531@mail.com,9/2/2024,"$1,914.00 ",EUR,7047.35,ACTIVE,Processed
532,94497, Customer 532 ,user532@test.org,9/11/2024,1585.33,INR,5968.58, CLOSED,Processed
533,79884,Customer 533,user533@test.org,8/1/2023,380.65,USD,1550.11,PENDING ,Processed
534,00050737,Customer 534,user534@test.org,12/5/2024,"$3,440.76 ",INR,5335.65,PENDING , OK 
535,73077,Customer 535,user535test.org,11/25/2023,961.22,INR,3107.73,active,Processed
536,94405, Customer 536 ,user536@mail.com,1/2/2025,1943.37,INR,1969.12, CLOSED,Processed
537,00050277,Customer 537,user537@mail.com,1/7/2024,"$4,455.18 ",USD,4146.11,PENDING ,Processed
538,26338,Customer 538,user538@example.com,6/12/2024,2640.78,USD,2654.16,active,Processed
539,75568,Customer 539,user539@test.org,7/9/2023,749.2,USD,6555.49,PENDING ,Processed
540,00037244, Customer 540 ,user540test.org,3/2/2025,"$4,563.29 ",EUR,4195.41,ACTIVE, OK 
541,53136,Customer 541,user541@test.org,5/14/2025,163.47,USD,1824.43, CLOSED,Processed
542,93572,Customer 542,user542@test.org,10/4/2024,2185.06,EUR,6685.39, CLOSED,Processed
543,00077124,Customer 543,user543@example.com,2/12/2025,"$3,283.54 ",EUR,4414.58,active,Processed
544,87767, Customer 544 ,user544@mail.com,26/02/2025,527.62,EUR,2576.72,ACTIVE,Processed
545,85902,Customer 545,user545mail.com,12/2/2023,862.15,USD,6845.48, CLOSED,Processed
546,00051794,Customer 546,user546@mail.com,6/2/2025,"$4,896.73 ",USD,5127.78, CLOSED, OK 
547,19393,Customer 547,user547@test.org,4/4/2024,4481.94,USD,1613.35,active,Processed
548,29378, Customer 548 ,user548@example.com,31/05/2025,1476.83,USD,4603.64,PENDING ,Processed
549,00082799,Customer 549,user549@mail.com,8/10/2025,"$2,814.31 ",INR,8586.34,ACTIVE,Processed
550,33023,Customer 550,user550mail.com,7/31/2023,3341.79,EUR,6039.58,active,Processed
551,37550,Customer 551,user551@mail.com,8/19/2024,2868.05,USD,8593.53,PENDING ,Processed
552,00077944, Customer 552 ,user552@test.org,5/12/2024,$362.21 ,EUR,1588.09,PENDING , OK 
553,26614,Customer 553,user553@test.org,7/29/2024,429.3,INR,9599.34, CLOSED,Processed
554,12737,Customer 554,user554@test.org,2/29/2024,4889.89,INR,2688.32,active,Processed
555,00098026,Customer 555,user555test.org,10/23/2023,"$3,427.84 ",EUR,7099.02, CLOSED,Processed
556,91724, Customer 556 ,user556@mail.com,12/7/2023,1535.86,USD,5592.32,active,Processed
557,42431,Customer 557,user557@example.com,5/29/2023,4744.06,USD,2506.77,PENDING ,Processed
558,00091897,Customer 558,user558@mail.com,10/18/2024,"$3,711.66 ",USD,4255.46,active, OK 
559,66146,Customer 559,user559@test.org,4/19/2025,1164.58,INR,2216.27, CLOSED,Processed
560,40145, Customer 560 ,user560example.com,13/01/2024,4432.99,INR,7360.71, CLOSED,Processed
561,00012408,Customer 561,user561@test.org,9/3/2024,"$3,891.66 ",INR,9229.07, CLOSED,Processed
562,66295,Customer 562,user562@mail.com,8/13/2024,4987.78,USD,7202.84, CLOSED,Processed
563,89974,Customer 563,user563@example.com,8/18/2023,357.91,EUR,5353.08,ACTIVE,Processed
564,00023012, Customer 564 ,user564@test.org,9/3/2025,"$2,182.61 ",USD,3174.84, CLOSED, OK 
565,33388,Customer 565,user565test.org,11/11/2025,845.32,USD,9418.53,PENDING ,Processed
566,81497,Customer 566,user566@test.org,5/26/2024,648.88,EUR,7790.76,ACTIVE,Processed
567,00081500,Customer 567,user567@test.org,9/15/2025,"$4,387.95 ",INR,1890.79,PENDING ,Processed
568,75363, Customer 568 ,user568@mail.com,24/03/2025,4191.25,USD,6516,ACTIVE,Processed
569,64007,Customer 569,user569@mail.com,8/4/2025,3211.03,INR,6519.26,active,Processed
570,00065588,Customer 570,user570test.org,5/23/2023,"$1,827.06 ",EUR,4745.99,PENDING , OK 
571,48611,Customer 571,user571@example.com,2/17/2024,1269.61,USD,1774.35, CLOSED,Processed
572,22436, Customer 572 ,user572@example.com,24/07/2023,3121.12,EUR,1086.9,active,Processed
573,00094166,Customer 573,user573@test.org,9/10/2023,"$4,953.88 ",USD,6200.55,active,Processed
574,20192,Customer 574,user574@mail.com,8/19/2023,1162.41,EUR,1947.25, CLOSED,Processed
575,31837,Customer 575,user575example.com,3/16/2025,3092.81,EUR,8286.92,ACTIVE,Processed
576,00020169, Customer 576 ,user576@mail.com,11/5/2025,"$4,089.92 ",EUR,3958.39,PENDING , OK 
577,37277,Customer 577,user577@test.org,11/18/2024,3930.81,EUR,9091.52,PENDING ,Processed
578,40424,Customer 578,user578@example.com,7/31/2025,2280.14,INR,3678.49,PENDING ,Processed
579,00014107,Customer 579,user579@mail.com,7/16/2023,"$1,962.31 ",EUR,2686.75,PENDING ,Processed
580,23057, Customer 580 ,user580mail.com,26/06/2024,3117.24,EUR,7193.76, CLOSED,Processed
581,90433,Customer 581,user581@mail.com,10/17/2023,4538.23,USD,8295.33,PENDING ,Processed
582,00037372,Customer 582,user582@test.org,5/16/2024,"$3,934.04 ",EUR,4978.59, CLOSED, OK 
583,83352,Customer 583,user583@mail.com,6/23/2025,3126.33,USD,2801.67, CLOSED,Processed
584,63724, Customer 584 ,user584@example.com,10/10/2025,2032.59,INR,4217.5, CLOSED,Processed
585,00010108,Customer 585,user585example.com,6/28/2024,$262.11 ,EUR,7528.54,active,Processed
586,87580,Customer 586,user586@example.com,10/2/2025,1562.12,INR,7589.86, CLOSED,Processed
587,13469,Customer 587,user587@test.org,1/19/2024,196.85,USD,7005.36,PENDING ,Processed
588,00040616, Customer 588 ,user588@mail.com,18/10/2025,"$2,712.29 ",EUR,3390.22,active, OK 
589,49042,Customer 589,user589@example.com,1/20/2024,3077.19,EUR,4250.62,PENDING ,Processed
590,10347,Customer 590,user590mail.com,10/24/2023,4392.78,USD,4803.73,active,Processed
591,00099483,Customer 591,user591@test.org,11/12/2023,"$2,481.91 ",INR,9913.86, CLOSED,Processed
592,97544, Customer 592 ,user592@example.com,7/8/2025,3440.65,INR,5416.77, CLOSED,Processed
593,63121,Customer 593,user593@test.org,5/15/2024,3813.73,USD,1870.99,active,Processed
594,00087388,Customer 594,user594@mail.com,12/27/2025,"$1,748.22 ",INR,3448.25,PENDING , OK 
595,50191,Customer 595,user595mail.com,5/19/2025,2005.85,USD,4148.38,active,Processed
596,37192, Customer 596 ,user596@example.com,27/05/2024,2649.75,EUR,1931.28, CLOSED,Processed
597,00069802,Customer 597,user597@mail.com,5/27/2025,"$4,620.28 ",INR,7724.61,active,Processed
598,49945,Customer 598,user598@test.org,9/28/2024,743.03,EUR,2973.82,PENDING ,Processed
599,66756,Customer 599,user599@test.org,8/28/2023,4844.55,EUR,5553.64,active,Processed
600,00076008, Customer 600 ,user600mail.com,6/11/2025,$257.02 ,EUR,1043.98,ACTIVE, OK 
601,72502,Customer 601,user601@example.com,4/13/2025,3743.45,INR,8740.28,active,Processed
602,17898,Customer 602,user602@test.org,6/20/2025,2901.51,EUR,9921.6,ACTIVE,Processed
603,00042923,Customer 603,user603@test.org,6/15/2023,"$3,101.96 ",INR,9500.44, CLOSED,Processed
604,87385, Customer 604 ,user604@test.org,2/5/2023,1648.81,USD,2403.75,active,Processed
605,19452,Customer 605,user605mail.com,6/24/2025,3777.6,INR,6318.8,ACTIVE,Processed
606,00024688,Customer 606,user606@mail.com,11/22/2024,"$2,463.80 ",EUR,8821.03,active, OK 
607,18802,Customer 607,user607@mail.com,12/8/2024,627.75,USD,8912.74,PENDING ,Processed
608,82318, Customer 608 ,user608@example.com,8/12/2023,3958.53,INR,5688.92,PENDING ,Processed
609,00046032,Customer 609,user609@mail.com,6/11/2024,"$3,422.91 ",INR,9119.95,active,Processed
610,31956,Customer 610,user610example.com,4/17/2024,3841.56,USD,2565.24, CLOSED,Processed
611,55933,Customer 611,user611@mail.com,6/3/2025,4241.14,INR,7726.93, CLOSED,Processed
612,00079079, Customer 612 ,user612@test.org,31/12/2025,"$3,443.44 ",EUR,5299.91, CLOSED, OK 
613,26116,Customer 613,user613@example.com,4/26/2023,1402.02,INR,6162.3,ACTIVE,Processed
614,19865,Customer 614,user614@test.org,4/26/2023,4942.7,INR,9987.2,PENDING ,Processed
615,00035409,Customer 615,user615mail.com,2/16/2025,$707.36 ,EUR,8823.89,PENDING ,Processed
616,37516, Customer 616 ,user616@mail.com,16/03/2024,4284.15,EUR,7080.56, CLOSED,Processed
617,82410,Customer 617,user617@example.com,9/6/2024,2708.53,USD,7872.8,ACTIVE,Processed
618,00067227,Customer 618,user618@mail.com,10/7/2024,"$4,375.71 ",EUR,7021.73,active, OK 
619,49461,Customer 619,user619@mail.com,5/14/2025,348.25,EUR,3503.28,active,Processed
620,73238, Customer 620 ,user620mail.com,20/11/2023,2864.65,EUR,9333.98, CLOSED,Processed
621,00044360,Customer 621,user621@mail.com,3/3/2024,"$4,573.38 ",EUR,8272.96, CLOSED,Processed
622,16730,Customer 622,user622@test.org,4/14/2025,1699.24,USD,4703.54,PENDING ,Processed
623,16677,Customer 623,user623@test.org,10/26/2024,3019.51,INR,6807.83, CLOSED,Processed
624,00097427, Customer 624 ,user624@example.com,21/11/2025,"$3,073.29 ",USD,1615.39, CLOSED, OK 
625,81490,Customer 625,user625mail.com,1/14/2026,3619.91,USD,1362.64, CLOSED,Processed
626,15083,Customer 626,user626@example.com,8/1/2023,2314.75,INR,8372.38,active,Processed
627,00049767,Customer 627,user627@example.com,5/26/2025,"$3,409.45 ",USD,5842.98, CLOSED,Processed
628,54634, Customer 628 ,user628@test.org,11/2/2025,3781.63,EUR,9018, CLOSED,Processed
629,40549,Customer 629,user629@example.com,4/18/2024,3322.48,INR,6669.27,PENDING ,Processed
630,00036499,Customer 630,user630example.com,8/29/2023,$736.78 ,USD,5371.62,active, OK 
631,73426,Customer 631,user631@test.org,10/29/2024,4211.41,USD,2033.82,PENDING ,Processed
632,96049, Customer 632 ,user632@mail.com,22/06/2024,4631.09,USD,3653.63,PENDING ,Processed
633,00083475,Customer 633,user633@test.org,12/10/2025,"$3,119.55 ",USD,4425.39,PENDING ,Processed
634,12268,Customer 634,user634@example.com,3/7/2024,3437.41,EUR,6774.26, CLOSED,Processed
635,76621,Customer 635,user635test.org,8/2/2023,1032.17,INR,3513.02,active,Processed
636,00036939, Customer 636 ,user636@example.com,4/5/2024,"$2,007.96 ",USD,4772.19,active, OK 
637,38647,Customer 637,user637@mail.com,6/26/2025,4974.29,EUR,4045.52,active,Processed
638,57490,Customer 638,user638@example.com,7/27/2025,3507.09,EUR,3726.58,active,Processed
639,00032650,Customer 639,user639@test.org,4/4/2025,$580.03 ,INR,1032.83,ACTIVE,Processed
640,55891, Customer 640 ,user640test.org,11/10/2025,1756.44,EUR,4877.69, CLOSED,Processed
641,34198,Customer 641,user641@example.com,12/18/2025,1746.92,USD,1493.97,active,Processed
642,00056392,Customer 642,user642@mail.com,4/11/2025,"$2,974.66 ",USD,3806.11,active, OK 
643,84876,Customer 643,user643@test.org,10/30/2025,1982.94,USD,6996.96, CLOSED,Processed
644,25524, Customer 644 ,user644@test.org,6/4/2025,3432.83,EUR,2137.42,active,Processed
645,00079642,Customer 645,user645mail.com,11/13/2023,$246.62 ,EUR,8110.31,PENDING ,Processed
646,83359,Customer 646,user646@example.com,3/24/2024,2674.98,INR,7448.97,active,Processed
647,58672,Customer 647,user647@mail.com,6/24/2024,4796.1,USD,7375.1, CLOSED,Processed
648,00042651, Customer 648 ,user648@mail.com,14/04/2024,"$2,756.98 ",USD,2279.85,PENDING , OK 
649,83499,Customer 649,user649@test.org,5/11/2025,4782.42,EUR,8071.52,active,Processed
650,74732,Customer 650,user650test.org,10/17/2023,4208.54,INR,8107.13, CLOSED,Processed
651,00025682,Customer 651,user651@mail.com,6/30/2024,"$3,401.37 ",INR,7720.21,active,Processed
652,80579, Customer 652 ,user652@test.org,24/02/2025,3238.33,EUR,7784.94,active,Processed
653,98173,Customer 653,user653@example.com,7/13/2024,4386.7,USD,2818.17,active,Processed
654,00089365,Customer 654,user654@mail.com,3/26/2025,$200.30 ,INR,2471.85,ACTIVE, OK 
655,83526,Customer 655,user655example.com,6/18/2023,4225.47,EUR,4386.39,PENDING ,Processed
656,17280, Customer 656 ,user656@example.com,28/05/2024,3380.16,EUR,6230.48,ACTIVE,Processed
657,00052701,Customer 657,user657@mail.com,10/29/2023,"$3,092.57 ",INR,2200.49,PENDING ,Processed
658,41562,Customer 658,user658@mail.com,6/9/2024,4965.45,INR,4300.82, CLOSED,Processed
659,97275,Customer 659,user659@mail.com,4/27/2025,2845.09,INR,5906.59,PENDING ,Processed
660,00055070, Customer 660 ,user660test.org,18/08/2025,"$4,633.11 ",INR,6421.54, CLOSED, OK 
661,77329,Customer 661,user661@example.com,7/12/2024,4701.18,EUR,7567.96,active,Processed
662,69075,Customer 662,user662@test.org,11/10/2023,2187.72,EUR,4415.33,ACTIVE,Processed
663,00063977,Customer 663,user663@example.com,6/9/2024,"$4,846.71 ",INR,1219.93,active,Processed
664,94075, Customer 664 ,user664@example.com,21/09/2023,1228.11,USD,1072.77,PENDING ,Processed
665,22001,Customer 665,user665mail.com,5/3/2025,3855.84,INR,1377.21, CLOSED,Processed
666,00024628,Customer 666,user666@mail.com,2/23/2024,"$1,774.75 ",USD,7275.23, CLOSED, OK 
667,51420,Customer 667,user667@example.com,1/20/2024,2517.51,EUR,2057.67,PENDING ,Processed
668,24037, Customer 668 ,user668@test.org,31/05/2024,3041.12,INR,7181.53,ACTIVE,Processed
669,00086817,Customer 669,user669@example.com,5/26/2025,"$2,063.74 ",USD,8522.24, CLOSED,Processed
670,13357,Customer 670,user670mail.com,1/24/2024,1303.2,USD,7161.24,PENDING ,Processed
671,43329,Customer 671,user671@test.org,12/28/2024,2583.86,INR,5897.01,PENDING ,Processed
672,00031166, Customer 672 ,user672@example.com,14/05/2025,"$3,411.27 ",USD,3401.42,active, OK 
673,21561,Customer 673,user673@mail.com,8/12/2025,2386.76,INR,3431.36,ACTIVE,Processed
674,16552,Customer 674,user674@example.com,1/9/2024,3376.04,EUR,6638.79, CLOSED,Processed
675,00084314,Customer 675,user675test.org,5/5/2023,"$4,168.02 ",INR,7143.54,PENDING ,Processed
676,68430, Customer 676 ,user676@example.com,28/08/2025,2544.28,EUR,6858.44, CLOSED,Processed
677,56001,Customer 677,user677@mail.com,7/15/2023,1290.58,INR,9965.57, CLOSED,Processed
678,00025333,Customer 678,user678@test.org,4/23/2024,"$1,822.23 ",EUR,9223.45, CLOSED, OK 
679,17078,Customer 679,user679@mail.com,10/11/2025,4335.91,USD,4921.77,PENDING ,Processed
680,33205, Customer 680 ,user680test.org,14/06/2025,1594.59,EUR,9926.85,active,Processed
681,00013298,Customer 681,user681@example.com,1/23/2024,"$2,507.32 ",EUR,3701.36,ACTIVE,Processed
682,79747,Customer 682,user682@test.org,8/26/2025,2049.79,USD,8889.87,active,Processed
683,26638,Customer 683,user683@example.com,8/24/2023,4377.53,INR,9035.61, CLOSED,Processed
684,00046424, Customer 684 ,user684@example.com,25/02/2025,"$3,094.51 ",USD,9497.04, CLOSED, OK 
685,55115,Customer 685,user685mail.com,1/1/2024,2236.46,USD,2680.23,active,Processed
686,99591,Customer 686,user686@test.org,11/13/2023,3105.72,USD,9448.75,PENDING ,Processed
687,00096846,Customer 687,user687@test.org,6/26/2025,"$3,874.51 ",EUR,3543.39,PENDING ,Processed
688,53874, Customer 688 ,user688@test.org,3/11/2023,1590.01,INR,7537.52,PENDING ,Processed
689,62614,Customer 689,user689@mail.com,11/17/2024,1930.56,USD,5004.59,PENDING ,Processed
690,00039376,Customer 690,user690example.com,2/13/2024,"$2,361.31 ",EUR,2640.57, CLOSED, OK 
691,44345,Customer 691,user691@test.org,8/2/2025,3904.77,INR,7557.39, CLOSED,Processed
692,94570, Customer 692 ,user692@example.com,20/11/2023,1538.38,USD,2747.64,PENDING ,Processed
693,00092501,Customer 693,user693@mail.com,7/16/2023,"$1,044.56 ",USD,7452.39, CLOSED,Processed
694,73086,Customer 694,user694@mail.com,11/11/2025,4461.85,EUR,4033.29,ACTIVE,Processed
695,24210,Customer 695,user695test.org,8/28/2024,3764.39,INR,5279.56,ACTIVE,Processed
696,00043606, Customer 696 ,user696@test.org,27/02/2024,"$2,456.30 ",USD,6632.48, CLOSED, OK 
697,64097,Customer 697,user697@mail.com,10/9/2023,2147.39,USD,3737.93,ACTIVE,Processed
698,22679,Customer 698,user698@example.com,10/14/2025,2441.2,EUR,8780.67,active,Processed
699,00029358,Customer 699,user699@test.org,10/26/2023,"$2,349.12 ",USD,1969.24,PENDING ,Processed
700,25121, Customer 700 ,user700test.org,19/06/2023,2979.53,INR,6158.44, CLOSED,Processed
701,95452,Customer 701,user701@mail.com,10/10/2023,4873.83,EUR,5815.45, CLOSED,Processed
702,00013853,Customer 702,user702@example.com,4/15/2025,"$3,330.76 ",USD,8406.39,ACTIVE, OK 
703,77192,Customer 703,user703@test.org,10/28/2025,422.55,USD,1205.96,PENDING ,Processed
704,35548, Customer 704 ,user704@test.org,28/06/2023,720.7,INR,5994.98,active,Processed
705,00050135,Customer 705,user705test.org,10/3/2023,"$4,963.89 ",EUR,9640.12,ACTIVE,Processed
706,50026,Customer 706,user706@mail.com,6/10/2023,856.21,INR,4622.88,ACTIVE,Processed
707,92178,Customer 707,user707@example.com,11/8/2023,994.1,INR,2196.98,PENDING ,Processed
708,00036176, Customer 708 ,user708@mail.com,9/12/2023,"$4,899.86 ",USD,5359.66,PENDING , OK 
709,27072,Customer 709,user709@mail.com,9/21/2023,3208.22,USD,6805.87,active,Processed
710,29184,Customer 710,user710test.org,7/24/2024,3196.74,INR,3550.52, CLOSED,Processed
711,00023779,Customer 711,user711@example.com,3/1/2024,$115.08 ,EUR,6284.39, CLOSED,Processed
712,26203, Customer 712 ,user712@example.com,16/07/2025,4675.89,EUR,9277.88, CLOSED,Processed
713,73929,Customer 713,user713@example.com,12/7/2025,2244.26,EUR,6322.52,PENDING ,Processed
714,00060611,Customer 714,user714@mail.com,6/12/2023,$827.97 ,INR,3628.27,PENDING , OK 
715,77367,Customer 715,user715mail.com,10/29/2025,4894.6,INR,8384.09, CLOSED,Processed
716,47118, Customer 716 ,user716@test.org,12/1/2024,811.46,INR,8562.35, CLOSED,Processed
717,00042606,Customer 717,user717@test.org,8/25/2023,"$4,904.92 ",USD,2652.53, CLOSED,Processed
718,31080,Customer 718,user718@example.com,12/28/2025,3641.76,EUR,6112.93,PENDING ,Processed
719,44518,Customer 719,user719@mail.com,9/10/2024,589.97,USD,7014.06,PENDING ,Processed
720,00034755, Customer 720 ,user720test.org,11/9/2023,"$1,295.14 ",EUR,9653.61,ACTIVE, OK 
721,47685,Customer 721,user721@test.org,6/19/2025,354.42,INR,6064.96,active,Processed
722,10953,Customer 722,user722@mail.com,1/16/2026,2523.29,EUR,7745.54,ACTIVE,Processed
723,00037274,Customer 723,user723@test.org,11/23/2024,$175.07 ,INR,7462.88,ACTIVE,Processed
724,95085, Customer 724 ,user724@example.com,17/03/2024,2045.38,EUR,1881.17,active,Processed
725,14975,Customer 725,user725example.com,7/19/2023,4991.56,INR,1715.19,PENDING ,Processed
726,00078373,Customer 726,user726@mail.com,4/22/2025,"$3,944.18 ",EUR,5928.42,PENDING , OK 
727,19003,Customer 727,user727@example.com,4/24/2025,2003.19,EUR,3563.68,active,Processed
728,21424, Customer 728 ,user728@test.org,22/10/2025,2798.96,USD,3899.44,active,Processed
729,00093215,Customer 729,user729@mail.com,9/19/2025,"$1,061.63 ",USD,8911.47,PENDING ,Processed
730,71523,Customer 730,user730mail.com,6/7/2024,4979.03,EUR,5038.05,active,Processed
731,14328,Customer 731,user731@mail.com,7/21/2023,1700.82,EUR,9315.88, CLOSED,Processed
732,00064728, Customer 732 ,user732@mail.com,29/01/2024,"$2,102.66 ",INR,7921.99,active, OK 
733,14290,Customer 733,user733@mail.com,1/10/2024,238.23,EUR,3554.52,PENDING ,Processed
734,72008,Customer 734,user734@mail.com,8/24/2024,3820.93,USD,2537.15,PENDING ,Processed
735,00035644,Customer 735,user735example.com,5/6/2023,"$2,197.29 ",EUR,8793.89,ACTIVE,Processed
736,95120, Customer 736 ,user736@example.com,23/11/2023,1930.98,EUR,2060.09,active,Processed
737,46970,Customer 737,user737@example.com,3/9/2024,2583.82,INR,4986.86,ACTIVE,Processed
738,00092834,Customer 738,user738@test.org,4/20/2025,"$2,191.04 ",EUR,9280.7,PENDING , OK 
739,27186,Customer 739,user739@example.com,3/16/2025,914.55,INR,7002.12,PENDING ,Processed
740,47481, Customer 740 ,user740test.org,15/02/2025,423.63,USD,6588.84,active,Processed
741,00057839,Customer 741,user741@mail.com,5/25/2024,$308.79 ,INR,9653.81,ACTIVE,Processed
742,33892,Customer 742,user742@example.com,11/8/2025,4916.79,USD,8519.05,active,Processed
743,21870,Customer 743,user743@test.org,10/7/2023,4142.61,INR,6260.14,PENDING ,Processed
744,00097581, Customer 744 ,user744@mail.com,22/12/2025,"$4,864.79 ",USD,6994.57, CLOSED, OK 
745,38398,Customer 745,user745test.org,7/19/2024,1071.2,INR,5260.05,active,Processed
746,95722,Customer 746,user746@example.com,9/18/2024,4426.63,EUR,5895.33, CLOSED,Processed
747,00029214,Customer 747,user747@test.org,5/7/2025,"$2,617.32 ",EUR,7881.22, CLOSED,Processed
748,98283, Customer 748 ,user748@example.com,5/1/2024,4930.15,EUR,2180.58, CLOSED,Processed
749,17213,Customer 749,user749@mail.com,2/7/2025,1463.94,INR,7776.28,active,Processed
750,00075485,Customer 750,user750mail.com,12/11/2023,"$3,394.41 ",USD,9222.39,ACTIVE, OK 
751,66113,Customer 751,user751@example.com,9/22/2024,492.59,EUR,8244.49,PENDING ,Processed
752,90599, Customer 752 ,user752@mail.com,25/02/2025,4213.52,USD,5789.77,PENDING ,Processed
753,00087435,Customer 753,user753@mail.com,11/5/2023,"$4,351.27 ",EUR,7595.67,ACTIVE,Processed
754,56589,Customer 754,user754@test.org,2/1/2024,1073.78,EUR,7653.61,active,Processed
755,94600,Customer 755,user755example.com,11/28/2023,1847.51,USD,6596.83,active,Processed
756,00067923, Customer 756 ,user756@example.com,8/6/2024,$241.05 ,INR,6071.95,active, OK 
757,68176,Customer 757,user757@mail.com,5/22/2025,4966.8,USD,2558.3,ACTIVE,Processed
758,34517,Customer 758,user758@example.com,1/24/2025,2443.09,EUR,7864.45, CLOSED,Processed
759,00056025,Customer 759,user759@example.com,11/13/2025,"$1,154.32 ",INR,1670.67,ACTIVE,Processed
760,81983, Customer 760 ,user760example.com,18/11/2025,4397.22,EUR,3033.72, CLOSED,Processed
761,24110,Customer 761,user761@test.org,9/10/2024,4144.01,EUR,9166.67,PENDING ,Processed
762,00091074,Customer 762,user762@example.com,6/4/2024,$494.78 ,EUR,2536.93,active, OK 
763,58189,Customer 763,user763@mail.com,8/23/2024,1267.88,INR,6990.81,ACTIVE,Processed
764,14775, Customer 764 ,user764@test.org,27/11/2024,1741.69,USD,2767.3,ACTIVE,Processed
765,00036133,Customer 765,user765example.com,8/17/2023,"$2,973.90 ",INR,4457.07,ACTIVE,Processed
766,55671,Customer 766,user766@mail.com,3/6/2024,302.33,INR,8511.01,active,Processed
767,84555,Customer 767,user767@mail.com,3/16/2024,2784.28,USD,3192.2,active,Processed
768,00023575, Customer 768 ,user768@mail.com,26/04/2023,"$4,914.40 ",INR,7492.52, CLOSED, OK 
769,24547,Customer 769,user769@mail.com,10/5/2024,1720.07,INR,2938.34, CLOSED,Processed
770,63637,Customer 770,user770example.com,8/21/2025,2282.89,USD,6090.88,active,Processed
771,00055565,Customer 771,user771@mail.com,11/27/2024,$942.74 ,EUR,8905.14,active,Processed
772,35352, Customer 772 ,user772@mail.com,21/01/2024,1542.45,INR,5535.41,PENDING ,Processed
773,63377,Customer 773,user773@test.org,5/21/2024,4869.08,USD,6925,ACTIVE,Processed
774,00039704,Customer 774,user774@example.com,9/20/2023,$290.91 ,USD,1906.41,PENDING , OK 
775,30195,Customer 775,user775example.com,1/23/2024,4771.03,INR,6149.16, CLOSED,Processed
776,42573, Customer 776 ,user776@example.com,19/10/2024,3541.8,INR,7113.94,ACTIVE,Processed
777,00036595,Customer 777,user777@mail.com,5/5/2024,"$4,727.65 ",USD,9536.19, CLOSED,Processed
778,94267,Customer 778,user778@mail.com,9/29/2025,1244.78,EUR,9125.71,PENDING ,Processed
779,49621,Customer 779,user779@example.com,3/1/2024,3427.61,INR,2097.21,PENDING ,Processed
780,00025870, Customer 780 ,user780mail.com,1/2/2024,$403.07 ,USD,7226.07, CLOSED, OK 
781,32515,Customer 781,user781@example.com,7/27/2024,4982.56,INR,1504.21,PENDING ,Processed
782,59091,Customer 782,user782@mail.com,7/31/2025,1476.29,USD,2073.45,ACTIVE,Processed
783,00066044,Customer 783,user783@example.com,6/24/2024,$321.78 ,EUR,2595.4,PENDING ,Processed
784,79793, Customer 784 ,user784@test.org,26/03/2025,497.57,USD,1739.28,ACTIVE,Processed
785,48841,Customer 785,user785test.org,5/30/2025,4697.42,USD,2757.29,PENDING ,Processed
786,00030207,Customer 786,user786@example.com,12/16/2025,"$4,369.20 ",EUR,5915.48,ACTIVE, OK 
787,81491,Customer 787,user787@test.org,1/18/2024,261.45,EUR,5489.08,ACTIVE,Processed
788,39848, Customer 788 ,user788@mail.com,13/09/2023,428.48,EUR,8159.79,ACTIVE,Processed
789,00057868,Customer 789,user789@example.com,10/31/2023,"$1,192.30 ",EUR,2981.48,active,Processed
790,14878,Customer 790,user790mail.com,10/14/2025,2066.23,EUR,3248.56,ACTIVE,Processed
791,22973,Customer 791,user791@example.com,6/20/2024,1198.83,USD,8931.02,PENDING ,Processed
792,00064507, Customer 792 ,user792@mail.com,26/12/2024,"$1,132.39 ",USD,2915.06,PENDING , OK 
793,56536,Customer 793,user793@test.org,1/12/2024,4481.37,EUR,8133.65, CLOSED,Processed
794,21653,Customer 794,user794@test.org,7/16/2024,4968.82,INR,3597.59,active,Processed
795,00014004,Customer 795,user795mail.com,10/25/2023,"$4,414.97 ",EUR,2916.02,active,Processed
796,41617, Customer 796 ,user796@example.com,24/04/2024,2893.17,USD,5588.27,active,Processed
797,81381,Customer 797,user797@test.org,9/26/2023,1346.85,EUR,9031.14,active,Processed
798,00014037,Customer 798,user798@example.com,6/7/2023,"$4,458.63 ",INR,3541.57,active, OK 
799,65938,Customer 799,user799@example.com,11/7/2024,2986.56,USD,9884.01,ACTIVE,Processed
800,85804, Customer 800 ,user800mail.com,15/07/2023,4055.83,INR,7192.92,active,Processed
801,00061422,Customer 801,user801@test.org,10/27/2025,$590.73 ,INR,9997.17,ACTIVE,Processed
802,56660,Customer 802,user802@mail.com,11/5/2024,3636.91,EUR,9495.07,PENDING ,Processed
803,30360,Customer 803,user803@mail.com,4/15/2024,1256.33,EUR,2585.55,active,Processed
804,00054981, Customer 804 ,user804@mail.com,23/05/2023,"$1,001.60 ",USD,1636.02,PENDING , OK 
805,38897,Customer 805,user805example.com,6/10/2024,4889.51,USD,8395.06, CLOSED,Processed
806,83177,Customer 806,user806@example.com,7/4/2025,3773.48,INR,8101.74,ACTIVE,Processed
807,00021512,Customer 807,user807@example.com,1/10/2026,$886.50 ,INR,7373,ACTIVE,Processed
808,69838, Customer 808 ,user808@test.org,18/06/2025,3153.95,INR,6222.03,ACTIVE,Processed
809,59477,Customer 809,user809@example.com,5/16/2024,770.56,EUR,5290.37, CLOSED,Processed
810,00083790,Customer 810,user810test.org,3/25/2025,"$3,923.89 ",INR,6013.3,ACTIVE, OK 
811,56702,Customer 811,user811@test.org,4/27/2024,1831.98,INR,5552.04,PENDING ,Processed
812,84799, Customer 812 ,user812@test.org,11/8/2023,1637.69,USD,3151.9,PENDING ,Processed
813,00041640,Customer 813,user813@example.com,12/16/2025,"$1,294.08 ",INR,7643.43, CLOSED,Processed
814,37386,Customer 814,user814@example.com,1/11/2025,1364.81,INR,4639.97,ACTIVE,Processed
815,91782,Customer 815,user815test.org,10/9/2025,1911.36,INR,1610.91, CLOSED,Processed
816,00093973, Customer 816 ,user816@example.com,17/10/2023,"$1,692.39 ",INR,2706.67,ACTIVE, OK 
817,37787,Customer 817,user817@example.com,11/16/2025,4450.23,INR,9634.83,PENDING ,Processed
818,59880,Customer 818,user818@mail.com,7/24/2025,3012.32,USD,1310.09,ACTIVE,Processed
819,00034141,Customer 819,user819@mail.com,8/3/2023,"$4,027.62 ",USD,9144.89,ACTIVE,Processed
820,94205, Customer 820 ,user820example.com,19/02/2025,1013.88,USD,5354.39, CLOSED,Processed
821,96631,Customer 821,user821@mail.com,9/25/2025,4343.31,EUR,5927.63, CLOSED,Processed
822,00063130,Customer 822,user822@example.com,7/23/2024,"$2,613.74 ",EUR,5794.84,ACTIVE, OK 
823,16186,Customer 823,user823@mail.com,7/19/2023,3518.01,EUR,6315.49,PENDING ,Processed
824,50710, Customer 824 ,user824@test.org,31/01/2025,3427.42,USD,3817.64,PENDING ,Processed
825,00042863,Customer 825,user825test.org,4/29/2023,$402.14 ,INR,1134.25,PENDING ,Processed
826,11286,Customer 826,user826@example.com,11/8/2025,2932.33,EUR,9977.73,PENDING ,Processed
827,68917,Customer 827,user827@mail.com,7/9/2023,935.52,EUR,4239.59,ACTIVE,Processed
828,00042877, Customer 828 ,user828@test.org,20/07/2025,"$4,074.56 ",INR,8748.79,ACTIVE, OK 
829,47586,Customer 829,user829@mail.com,12/4/2025,2027.08,USD,8529.75,PENDING ,Processed
830,24544,Customer 830,user830test.org,1/20/2024,3272.18,EUR,3201.24, CLOSED,Processed
831,00052759,Customer 831,user831@example.com,3/13/2025,"$2,120.96 ",USD,5837.15,ACTIVE,Processed
832,15403, Customer 832 ,user832@example.com,26/08/2025,4262.72,EUR,4866.32,active,Processed
833,36587,Customer 833,user833@mail.com,3/28/2024,737.03,INR,5575.31,active,Processed
834,00023116,Customer 834,user834@example.com,1/2/2025,"$4,730.37 ",INR,4236.96,ACTIVE, OK 
835,30323,Customer 835,user835mail.com,11/29/2025,544.54,EUR,9024.44,PENDING ,Processed
836,93143, Customer 836 ,user836@example.com,20/06/2024,2978.86,INR,1874.82,PENDING ,Processed
837,00074869,Customer 837,user837@example.com,1/15/2025,"$2,109.67 ",USD,8035.51,ACTIVE,Processed
838,44753,Customer 838,user838@example.com,12/4/2025,4853.24,USD,5794.16,ACTIVE,Processed
839,10540,Customer 839,user839@mail.com,11/11/2024,701.54,INR,8307.71, CLOSED,Processed
840,00015752, Customer 840 ,user840test.org,26/11/2024,"$1,803.42 ",EUR,5451.14,active, OK 
841,37728,Customer 841,user841@example.com,9/2/2025,1701.88,USD,4947.03,active,Processed
842,50870,Customer 842,user842@mail.com,12/29/2025,2686.96,INR,4349.05,active,Processed
843,00038223,Customer 843,user843@mail.com,5/12/2024,$541.56 ,INR,9432.36, CLOSED,Processed
844,24372, Customer 844 ,user844@mail.com,31/12/2023,1825.6,USD,4769.8,ACTIVE,Processed
845,78449,Customer 845,user845mail.com,9/27/2025,1228.85,INR,8141.5,PENDING ,Processed
846,00079800,Customer 846,user846@mail.com,6/16/2025,"$4,767.64 ",USD,9934.7,PENDING , OK 
847,84382,Customer 847,user847@mail.com,2/20/2024,4031.7,INR,2637.78,ACTIVE,Processed
848,47687, Customer 848 ,user848@mail.com,5/1/2025,378.78,EUR,2819.34,PENDING ,Processed
849,00069980,Customer 849,user849@example.com,11/5/2025,"$3,016.31 ",INR,7490.22, CLOSED,Processed
850,77221,Customer 850,user850example.com,12/29/2025,1799.82,USD,4639.91,active,Processed
851,52676,Customer 851,user851@mail.com,10/29/2024,1667.04,EUR,3544.61, CLOSED,Processed
852,00093051, Customer 852 ,user852@mail.com,7/8/2023,"$4,152.93 ",EUR,3933.34,PENDING , OK 
853,63542,Customer 853,user853@mail.com,1/11/2024,851.58,INR,1753.3, CLOSED,Processed
854,49079,Customer 854,user854@mail.com,7/22/2025,4107.57,USD,6728.16,PENDING ,Processed
855,00086771,Customer 855,user855example.com,12/11/2024,"$1,649.11 ",INR,2629.58,ACTIVE,Processed
856,39183, Customer 856 ,user856@example.com,28/05/2025,2646.69,EUR,5928.43, CLOSED,Processed
857,19795,Customer 857,user857@mail.com,12/13/2025,1107.11,EUR,4488.79,PENDING ,Processed
858,00011583,Customer 858,user858@test.org,10/30/2025,"$1,579.93 ",USD,5853.4,ACTIVE, OK 
859,99026,Customer 859,user859@example.com,4/24/2025,3333.26,USD,5995.86,active,Processed
860,86500, Customer 860 ,user860test.org,21/06/2023,3364.78,INR,7387.97, CLOSED,Processed
861,00084237,Customer 861,user861@test.org,3/7/2024,"$3,547.30 ",USD,3211.03,ACTIVE,Processed
862,31980,Customer 862,user862@example.com,11/3/2023,994.34,EUR,7638.52,ACTIVE,Processed
863,27388,Customer 863,user863@mail.com,5/20/2023,3112.02,USD,7812.51, CLOSED,Processed
864,00045832, Customer 864 ,user864@mail.com,20/06/2024,"$4,983.06 ",USD,2676.41,active, OK 
865,33225,Customer 865,user865mail.com,8/13/2025,4248.2,EUR,2215.13,ACTIVE,Processed
866,48874,Customer 866,user866@mail.com,1/7/2024,2861.67,INR,5279.07,ACTIVE,Processed
867,00079071,Customer 867,user867@example.com,9/23/2024,"$1,289.74 ",INR,4559.77, CLOSED,Processed
868,26083, Customer 868 ,user868@test.org,16/04/2025,3563.24,USD,5668, CLOSED,Processed
869,61335,Customer 869,user869@example.com,7/29/2024,3594.14,EUR,6497.01, CLOSED,Processed
870,00029721,Customer 870,user870example.com,9/24/2025,$283.22 ,EUR,6435.89, CLOSED, OK 
871,99242,Customer 871,user871@test.org,1/30/2025,1626.77,USD,4653.62, CLOSED,Processed
872,55388, Customer 872 ,user872@mail.com,18/03/2024,4466.74,EUR,4772.78,PENDING ,Processed
873,00058661,Customer 873,user873@mail.com,7/13/2025,"$3,703.04 ",INR,9922.05,ACTIVE,Processed
874,83276,Customer 874,user874@test.org,11/26/2024,3560.93,INR,4887.41,ACTIVE,Processed
875,68629,Customer 875,user875mail.com,3/14/2025,2588.31,USD,7180.89,PENDING ,Processed
876,00067938, Customer 876 ,user876@test.org,19/05/2025,"$4,868.02 ",EUR,8118.94, CLOSED, OK 
877,29220,Customer 877,user877@mail.com,1/28/2024,1014.43,USD,2743.69,PENDING ,Processed
878,53291,Customer 878,user878@mail.com,6/15/2025,2865.53,INR,8877.15, CLOSED,Processed
879,00083392,Customer 879,user879@mail.com,8/21/2025,$245.71 ,INR,9200.48,ACTIVE,Processed
880,75668, Customer 880 ,user880example.com,2/5/2023,1044.86,INR,4194.06,PENDING ,Processed
881,41474,Customer 881,user881@example.com,2/25/2024,627.01,INR,6902.36,PENDING ,Processed
882,00084743,Customer 882,user882@example.com,4/27/2025,$948.54 ,INR,4800.52,ACTIVE, OK 
883,92361,Customer 883,user883@mail.com,1/5/2025,2076.29,USD,2212.87,ACTIVE,Processed
884,59671, Customer 884 ,user884@example.com,21/11/2023,4465.97,INR,4331.52, CLOSED,Processed
885,00083716,Customer 885,user885mail.com,11/13/2023,"$2,574.09 ",EUR,2912.49,PENDING ,Processed
886,33183,Customer 886,user886@mail.com,7/3/2023,4035.41,EUR,9040.93,PENDING ,Processed
887,87461,Customer 887,user887@example.com,5/6/2025,2246.28,EUR,5094.9,active,Processed
888,00094432, Customer 888 ,user888@example.com,18/08/2025,$740.66 ,EUR,3556.99,PENDING , OK 
889,32077,Customer 889,user889@example.com,5/5/2024,4180.65,USD,4319.48,ACTIVE,Processed
890,18979,Customer 890,user890example.com,7/8/2023,4817.73,INR,6193.22,PENDING ,Processed
891,00047809,Customer 891,user891@example.com,7/15/2025,"$4,322.89 ",EUR,3933.22,ACTIVE,Processed
892,83067, Customer 892 ,user892@example.com,11/7/2025,855.85,USD,5219.42,ACTIVE,Processed
893,96748,Customer 893,user893@example.com,10/31/2024,743.09,USD,6568.56,PENDING ,Processed
894,00062818,Customer 894,user894@example.com,9/21/2024,"$2,470.67 ",EUR,4421.25,active, OK 
895,36300,Customer 895,user895test.org,5/29/2024,2447.96,USD,6287.95, CLOSED,Processed
896,25332, Customer 896 ,user896@test.org,7/3/2025,1670.25,INR,1076.09, CLOSED,Processed
897,00093218,Customer 897,user897@example.com,8/2/2025,$562.03 ,INR,8437.7,active,Processed
898,63438,Customer 898,user898@mail.com,11/12/2024,1825.15,USD,7730.06,active,Processed
899,23105,Customer 899,user899@mail.com,8/15/2023,301.86,USD,4769.59,active,Processed
900,00019940, Customer 900 ,user900test.org,1/6/2023,"$4,815.43 ",USD,4793.34, CLOSED, OK 
901,53398,Customer 901,user901@example.com,5/29/2023,4496.94,INR,4344.24,ACTIVE,Processed
902,20989,Customer 902,user902@test.org,9/10/2024,2924.23,EUR,4443.91,active,Processed
903,00031216,Customer 903,user903@test.org,12/1/2025,"$4,905.94 ",EUR,8341.73,active,Processed
904,87694, Customer 904 ,user904@example.com,28/11/2024,4613.78,EUR,9434.38,active,Processed
905,52984,Customer 905,user905example.com,11/27/2023,390.24,EUR,7890.8, CLOSED,Processed
906,00073740,Customer 906,user906@test.org,12/20/2025,"$3,144.88 ",EUR,5918.67,PENDING , OK 
907,20505,Customer 907,user907@example.com,9/24/2024,3395.98,INR,9585.05, CLOSED,Processed
908,93318, Customer 908 ,user908@example.com,25/06/2023,4597.8,INR,6252.39,active,Processed
909,00033742,Customer 909,user909@test.org,9/5/2025,$448.43 ,INR,2111.92,active,Processed
910,59382,Customer 910,user910test.org,5/11/2023,4524.36,USD,4667.02, CLOSED,Processed
911,89548,Customer 911,user911@mail.com,7/6/2024,4930.35,EUR,9443.43, CLOSED,Processed
912,00012968, Customer 912 ,user912@example.com,26/05/2023,"$3,669.02 ",EUR,3126.7,PENDING , OK 
913,19419,Customer 913,user913@mail.com,11/3/2024,3329.81,USD,7346.41,ACTIVE,Processed
914,73414,Customer 914,user914@mail.com,10/11/2025,1187,INR,1850.58,PENDING ,Processed
915,00083329,Customer 915,user915mail.com,12/2/2023,$544.16 ,INR,7275.7,PENDING ,Processed
916,19746, Customer 916 ,user916@mail.com,21/12/2023,3275.46,USD,1236.15,PENDING ,Processed
917,47055,Customer 917,user917@test.org,1/18/2026,1962.83,USD,4133.09,active,Processed
918,00059323,Customer 918,user918@mail.com,1/6/2026,"$3,670.61 ",EUR,8680.46,PENDING , OK 
919,96470,Customer 919,user919@test.org,8/19/2023,1462.03,INR,9557.02,ACTIVE,Processed
920,60980, Customer 920 ,user920example.com,30/10/2025,3014.63,EUR,4813.85, CLOSED,Processed
921,00030867,Customer 921,user921@example.com,11/5/2023,"$1,475.14 ",USD,8858.48,ACTIVE,Processed
922,22750,Customer 922,user922@test.org,10/10/2023,516.85,USD,2552.33,active,Processed
923,36941,Customer 923,user923@test.org,5/17/2023,759.91,INR,8356.71, CLOSED,Processed
924,00077514, Customer 924 ,user924@test.org,24/09/2023,"$2,643.39 ",USD,5598.88,ACTIVE, OK 
925,35860,Customer 925,user925test.org,7/6/2024,2811.21,INR,6069.49, CLOSED,Processed
926,32216,Customer 926,user926@example.com,6/3/2024,1134.84,USD,7061.26,active,Processed
927,00058002,Customer 927,user927@mail.com,3/1/2024,$247.70 ,EUR,7865.1,ACTIVE,Processed
928,60502, Customer 928 ,user928@example.com,26/12/2025,3597.82,INR,3850.2,PENDING ,Processed
929,12472,Customer 929,user929@test.org,10/9/2025,2172.11,INR,8141.26,PENDING ,Processed
930,00065872,Customer 930,user930example.com,8/14/2023,"$2,383.67 ",INR,3271.03,ACTIVE, OK 
931,56590,Customer 931,user931@mail.com,5/14/2024,703.48,EUR,8860.44, CLOSED,Processed
932,24779, Customer 932 ,user932@example.com,12/7/2023,1199.66,INR,3848.61,active,Processed
933,00047287,Customer 933,user933@example.com,6/13/2023,"$1,422.23 ",INR,6856.98,active,Processed
934,63232,Customer 934,user934@test.org,6/16/2024,1397.96,USD,6991.98,active,Processed
935,57608,Customer 935,user935example.com,7/23/2023,2162.48,USD,7006.98,active,Processed
936,00079192, Customer 936 ,user936@test.org,24/05/2023,"$2,944.17 ",EUR,5367.53,PENDING , OK 
937,61725,Customer 937,user937@test.org,10/1/2024,979.06,USD,7595.45,ACTIVE,Processed
938,28929,Customer 938,user938@mail.com,6/21/2024,1666.62,USD,1100.73, CLOSED,Processed
939,00078586,Customer 939,user939@mail.com,7/9/2023,"$2,658.30 ",INR,2110.26,ACTIVE,Processed
940,22579, Customer 940 ,user940example.com,2/5/2024,116.88,USD,6106.81,active,Processed
941,27533,Customer 941,user941@example.com,7/25/2024,2864.04,EUR,5911.85,ACTIVE,Processed
942,00077277,Customer 942,user942@test.org,11/14/2025,"$3,446.62 ",EUR,5609.31, CLOSED, OK 
943,85960,Customer 943,user943@example.com,12/5/2023,288.06,USD,1990.83,PENDING ,Processed
944,23146, Customer 944 ,user944@test.org,6/9/2024,179.93,INR,4260.53,active,Processed
945,00030994,Customer 945,user945example.com,1/14/2025,"$3,661.84 ",EUR,8557.88,active,Processed
946,55803,Customer 946,user946@test.org,10/3/2023,4512.41,USD,2073.12,ACTIVE,Processed
947,19995,Customer 947,user947@mail.com,9/11/2023,1385.49,EUR,1149.21,ACTIVE,Processed
948,00064251, Customer 948 ,user948@example.com,5/1/2024,"$2,251.55 ",EUR,8442.18,ACTIVE, OK 
949,52773,Customer 949,user949@test.org,3/3/2025,1035.83,EUR,5047.08,ACTIVE,Processed
950,52680,Customer 950,user950example.com,3/23/2024,3878.1,EUR,4768.65,active,Processed
951,00097484,Customer 951,user951@test.org,10/30/2023,"$1,777.60 ",INR,5052.72,active,Processed
952,88192, Customer 952 ,user952@example.com,16/08/2024,3978.14,EUR,4041.63, CLOSED,Processed
953,98697,Customer 953,user953@test.org,7/18/2024,3035.27,EUR,8088.09,ACTIVE,Processed
954,00091957,Customer 954,user954@test.org,4/10/2024,"$3,650.23 ",USD,9778.35, CLOSED, OK 
955,17688,Customer 955,user955test.org,5/27/2024,2146.33,EUR,7740.52,ACTIVE,Processed
956,78761, Customer 956 ,user956@test.org,21/06/2023,4714.47,USD,2145.89,active,Processed
957,00038183,Customer 957,user957@example.com,8/11/2025,"$3,533.36 ",EUR,9927.05,ACTIVE,Processed
958,83997,Customer 958,user958@mail.com,3/19/2024,1030.84,USD,8972.37,PENDING ,Processed
959,86080,Customer 959,user959@example.com,4/25/2025,3896.09,USD,5685.83,ACTIVE,Processed
960,00059239, Customer 960 ,user960mail.com,2/2/2025,"$2,779.03 ",EUR,6165.31,ACTIVE, OK 
961,55187,Customer 961,user961@mail.com,1/19/2025,4588.82,EUR,6246.36,active,Processed
962,74406,Customer 962,user962@mail.com,6/3/2023,484.51,INR,7626.75, CLOSED,Processed
963,00064600,Customer 963,user963@test.org,11/13/2024,"$4,818.04 ",USD,9551.21,ACTIVE,Processed
964,60270, Customer 964 ,user964@mail.com,12/10/2024,4806.69,EUR,2660.18,active,Processed
965,92326,Customer 965,user965example.com,6/2/2024,4316.58,EUR,8060.6,PENDING ,Processed
966,00091579,Customer 966,user966@example.com,11/1/2023,"$2,502.03 ",USD,6280.49,active, OK 
967,81728,Customer 967,user967@test.org,3/9/2025,4897.53,EUR,8171.4,ACTIVE,Processed
968,19317, Customer 968 ,user968@mail.com,3/5/2023,2065.87,USD,8410.5, CLOSED,Processed
969,00085340,Customer 969,user969@example.com,6/9/2024,"$3,949.81 ",USD,7746.07,active,Processed
970,86656,Customer 970,user970example.com,7/6/2024,4110.74,USD,5215.79, CLOSED,Processed
971,79830,Customer 971,user971@mail.com,11/28/2024,2607,USD,2169.86,ACTIVE,Processed
972,00053409, Customer 972 ,user972@test.org,18/05/2024,"$3,374.30 ",INR,2248.03, CLOSED, OK 
973,65289,Customer 973,user973@example.com,5/27/2025,4004.93,INR,8216.44,active,Processed
974,91154,Customer 974,user974@test.org,6/22/2024,3217.95,USD,2303, CLOSED,Processed
975,00073692,Customer 975,user975example.com,3/22/2024,$557.91 ,INR,9210.26, CLOSED,Processed
976,18827, Customer 976 ,user976@test.org,18/07/2024,2505.76,USD,5857.25,active,Processed
977,72685,Customer 977,user977@mail.com,5/18/2023,3511.04,INR,1465.21,active,Processed
978,00079721,Customer 978,user978@mail.com,3/19/2025,"$3,229.00 ",INR,7973.99,PENDING , OK 
979,20124,Customer 979,user979@mail.com,1/15/2024,1376.47,USD,5573.8,ACTIVE,Processed
980,63321, Customer 980 ,user980test.org,4/5/2024,4195.19,EUR,4247.36,active,Processed
981,00077300,Customer 981,user981@example.com,10/2/2025,"$1,753.03 ",INR,2524.27,ACTIVE,Processed
982,19489,Customer 982,user982@mail.com,4/22/2025,1778.96,USD,6004.21,active,Processed
983,93368,Customer 983,user983@mail.com,1/12/2025,4874.61,EUR,3510.85, CLOSED,Processed
984,00049076, Customer 984 ,user984@test.org,20/12/2023,"$2,316.08 ",EUR,2789.24,active, OK 
985,80242,Customer 985,user985example.com,4/15/2024,2612.96,EUR,2195.67, CLOSED,Processed
986,90431,Customer 986,user986@example.com,9/2/2024,507.41,EUR,7838.14,PENDING ,Processed
987,00057294,Customer 987,user987@test.org,11/19/2024,"$3,288.05 ",INR,1646.19, CLOSED,Processed
988,10195, Customer 988 ,user988@test.org,22/06/2025,2985.68,INR,8003.32,PENDING ,Processed
989,44584,Customer 989,user989@mail.com,9/22/2025,455.07,USD,7032.41,ACTIVE,Processed
990,00047716,Customer 990,user990test.org,12/27/2023,"$4,066.66 ",INR,3792.62,active, OK 
991,36828,Customer 991,user991@mail.com,10/18/2025,3062.17,EUR,9577.17,active,Processed
992,72495, Customer 992 ,user992@test.org,14/02/2025,4511.12,EUR,1976.97,ACTIVE,Processed
993,00036672,Customer 993,user993@test.org,5/22/2024,"$4,964.60 ",USD,7854.06,PENDING ,Processed
994,43518,Customer 994,user994@mail.com,5/7/2025,3664.25,USD,7148.36,PENDING ,Processed
995,58324,Customer 995,user995test.org,12/1/2025,3864.47,USD,2404.6,active,Processed
996,00065245, Customer 996 ,user996@example.com,30/06/2024,"$4,062.37 ",USD,3136.64, CLOSED, OK 
997,40397,Customer 997,user997@mail.com,7/10/2023,4981.2,USD,5145.98,active,Processed
998,20556,Customer 998,user998@mail.com,9/3/2024,2098.86,INR,3304.52, CLOSED,Processed
999,00075081,Customer 999,user999@example.com,11/22/2023,$169.68 ,EUR,5606.86,ACTIVE,Processed
1000,62365, Customer 1000 ,user1000example.com,11/3/2025,1758,USD,2997.39,active,Processed
